product_id,store_id,stock_qty,safety_stock,snapshot_date
1,1,10,4,2026-02-15
1,2,13,8,2026-02-15
1,3,9,5,2026-02-15
1,4,18,5,2026-02-15
1,5,11,6,2026-02-15
1,6,16,7,2026-02-15
1,7,7,7,2026-02-15
1,8,12,3,2026-02-15
2,1,10,4,2026-02-15
2,2,14,9,2026-02-15
2,3,-3,8,2026-02-15
2,4,11,4,2026-02-15
2,5,11,6,2026-02-15
2,6,10,2,2026-02-15
2,7,11,5,2026-02-15
2,8,14,5,2026-02-15
3,1,11,8,2026-02-15
3,2,14,2,2026-02-15
3,3,14,8,2026-02-15
3,4,17,6,2026-02-15
3,5,7,3,2026-02-15
3,6,3,7,2026-02-15
3,7,8,2,2026-02-15
3,8,12,3,2026-02-15
4,1,11,4,2026-02-15
4,2,13,8,2026-02-15
4,3,9,8,2026-02-15
4,4,14,9,2026-02-15
4,5,7,3,2026-02-15
4,6,9,3,2026-02-15
4,7,8,6,2026-02-15
4,8,11,7,2026-02-15
5,1,9,8,2026-02-15
5,2,19,3,2026-02-15
5,3,9,8,2026-02-15
5,4,13,9,2026-02-15
5,5,13,3,2026-02-15
5,6,13,5,2026-02-15
5,7,14,5,2026-02-15
5,8,11,9,2026-02-15
6,1,10,6,2026-02-15
6,2,10,8,2026-02-15
6,3,13,6,2026-02-15
6,4,11,2,2026-02-15
6,5,11,4,2026-02-15
6,6,13,3,2026-02-15
6,7,15,6,2026-02-15
6,8,16,7,2026-02-15
7,1,7,9,2026-02-15
7,2,13,8,2026-02-15
7,3,11,7,2026-02-15
7,4,17,4,2026-02-15
7,5,11,6,2026-02-15
7,6,10,6,2026-02-15
7,7,13,7,2026-02-15
7,8,10,4,2026-02-15
8,1,13,7,2026-02-15
8,2,14,5,2026-02-15
8,3,16,8,2026-02-15
8,4,14,6,2026-02-15
8,5,8,2,2026-02-15
8,6,13,5,2026-02-15
8,7,11,7,2026-02-15
8,8,12,3,2026-02-15
9,1,7,7,2026-02-15
9,2,9,3,2026-02-15
9,3,8,3,2026-02-15
9,4,17,3,2026-02-15
9,5,9,9,2026-02-15
9,6,16,3,2026-02-15
9,7,8,6,2026-02-15
9,8,8,3,2026-02-15
10,1,12,7,2026-02-15
10,2,13,3,2026-02-15
10,3,9,2,2026-02-15
10,4,11,8,2026-02-15
10,5,14,9,2026-02-15
10,6,7,3,2026-02-15
10,7,10,6,2026-02-15
10,8,6,2,2026-02-15
11,1,13,2,2026-02-15
11,2,9,5,2026-02-15
11,3,11,5,2026-02-15
11,4,15,6,2026-02-15
11,5,9,4,2026-02-15
11,6,12,4,2026-02-15
11,7,8,5,2026-02-15
11,8,14,3,2026-02-15
12,1,11,7,2026-02-15
12,2,8,2,2026-02-15
12,3,8,7,2026-02-15
12,4,11,2,2026-02-15
12,5,12,8,2026-02-15
12,6,11,6,2026-02-15
12,7,9,5,2026-02-15
12,8,13,8,2026-02-15
13,1,16,5,2026-02-15
13,2,15,7,2026-02-15
13,3,7,6,2026-02-15
13,4,10,4,2026-02-15
13,5,9,4,2026-02-15
13,6,11,5,2026-02-15
13,7,17,7,2026-02-15
13,8,16,8,2026-02-15
14,1,11,6,2026-02-15
14,2,11,7,2026-02-15
14,3,14,8,2026-02-15
14,4,10,6,2026-02-15
14,5,13,2,2026-02-15
14,6,18,7,2026-02-15
14,7,7,5,2026-02-15
14,8,11,7,2026-02-15
15,1,17,8,2026-02-15
15,2,13,7,2026-02-15
15,3,13,8,2026-02-15
15,4,12,4,2026-02-15
15,5,15,8,2026-02-15
15,6,8,7,2026-02-15
15,7,9,9,2026-02-15
15,8,5,8,2026-02-15
16,1,9,5,2026-02-15
16,2,10,5,2026-02-15
16,3,16,6,2026-02-15
16,4,17,6,2026-02-15
16,5,10,7,2026-02-15
16,6,15,3,2026-02-15
16,7,7,7,2026-02-15
16,8,9,3,2026-02-15
17,1,8,6,2026-02-15
17,2,21,4,2026-02-15
17,3,9,6,2026-02-15
17,4,16,3,2026-02-15
17,5,9,4,2026-02-15
17,6,11,7,2026-02-15
17,7,7,9,2026-02-15
17,8,10,5,2026-02-15
18,1,6,3,2026-02-15
18,2,12,3,2026-02-15
18,3,11,2,2026-02-15
18,4,13,9,2026-02-15
18,5,17,5,2026-02-15
18,6,12,6,2026-02-15
18,7,7,5,2026-02-15
18,8,15,7,2026-02-15
19,1,19,4,2026-02-15
19,2,8,7,2026-02-15
19,3,16,3,2026-02-15
19,4,22,9,2026-02-15
19,5,14,5,2026-02-15
19,6,13,2,2026-02-15
19,7,21,8,2026-02-15
19,8,13,8,2026-02-15
20,1,12,3,2026-02-15
20,2,7,9,2026-02-15
20,3,13,9,2026-02-15
20,4,11,2,2026-02-15
20,5,8,5,2026-02-15
20,6,7,7,2026-02-15
20,7,14,8,2026-02-15
20,8,9,6,2026-02-15
21,1,13,9,2026-02-15
21,2,8,4,2026-02-15
21,3,9,6,2026-02-15
21,4,8,8,2026-02-15
21,5,12,5,2026-02-15
21,6,15,6,2026-02-15
21,7,15,7,2026-02-15
21,8,13,8,2026-02-15
22,1,11,3,2026-02-15
22,2,7,3,2026-02-15
22,3,14,6,2026-02-15
22,4,15,4,2026-02-15
22,5,14,2,2026-02-15
22,6,12,3,2026-02-15
22,7,15,9,2026-02-15
22,8,8,9,2026-02-15
23,1,12,8,2026-02-15
23,2,11,9,2026-02-15
23,3,9,7,2026-02-15
23,4,11,6,2026-02-15
23,5,8,2,2026-02-15
23,6,13,7,2026-02-15
23,7,14,3,2026-02-15
23,8,13,7,2026-02-15
24,1,12,4,2026-02-15
24,2,12,7,2026-02-15
24,3,14,3,2026-02-15
24,4,14,9,2026-02-15
24,5,12,7,2026-02-15
24,6,10,3,2026-02-15
24,7,11,5,2026-02-15
24,8,18,2,2026-02-15
25,1,13,8,2026-02-15
25,2,7,7,2026-02-15
25,3,20,5,2026-02-15
25,4,10,6,2026-02-15
25,5,14,7,2026-02-15
25,6,9,6,2026-02-15
25,7,15,4,2026-02-15
25,8,11,6,2026-02-15
26,1,12,6,2026-02-15
26,2,11,7,2026-02-15
26,3,13,8,2026-02-15
26,4,12,2,2026-02-15
26,5,9,2,2026-02-15
26,6,15,5,2026-02-15
26,7,4,8,2026-02-15
26,8,9,7,2026-02-15
27,1,11,7,2026-02-15
27,2,5,9,2026-02-15
27,3,13,3,2026-02-15
27,4,11,8,2026-02-15
27,5,9,4,2026-02-15
27,6,21,8,2026-02-15
27,7,11,9,2026-02-15
27,8,9,3,2026-02-15
28,1,14,2,2026-02-15
28,2,13,2,2026-02-15
28,3,11,7,2026-02-15
28,4,13,6,2026-02-15
28,5,9,4,2026-02-15
28,6,12,7,2026-02-15
28,7,16,6,2026-02-15
28,8,19,3,2026-02-15
29,1,7,4,2026-02-15
29,2,14,9,2026-02-15
29,3,15,4,2026-02-15
29,4,12,8,2026-02-15
29,5,12,6,2026-02-15
29,6,8,7,2026-02-15
29,7,15,9,2026-02-15
29,8,17,2,2026-02-15
30,1,13,2,2026-02-15
30,2,12,2,2026-02-15
30,3,11,8,2026-02-15
30,4,11,4,2026-02-15
30,5,8,9,2026-02-15
30,6,10,5,2026-02-15
30,7,9,2,2026-02-15
30,8,11,9,2026-02-15
31,1,12,7,2026-02-15
31,2,15,4,2026-02-15
31,3,8,5,2026-02-15
31,4,9,6,2026-02-15
31,5,10,7,2026-02-15
31,6,15,9,2026-02-15
31,7,7,3,2026-02-15
31,8,11,4,2026-02-15
32,1,14,5,2026-02-15
32,2,6,6,2026-02-15
32,3,10,7,2026-02-15
32,4,12,5,2026-02-15
32,5,14,9,2026-02-15
32,6,12,5,2026-02-15
32,7,12,5,2026-02-15
32,8,16,6,2026-02-15
33,1,11,4,2026-02-15
33,2,11,2,2026-02-15
33,3,11,2,2026-02-15
33,4,16,8,2026-02-15
33,5,9,6,2026-02-15
33,6,14,9,2026-02-15
33,7,8,2,2026-02-15
33,8,16,8,2026-02-15
34,1,10,8,2026-02-15
34,2,10,4,2026-02-15
34,3,15,5,2026-02-15
34,4,14,2,2026-02-15
34,5,17,4,2026-02-15
34,6,7,7,2026-02-15
34,7,9,7,2026-02-15
34,8,7,2,2026-02-15
35,1,11,7,2026-02-15
35,2,10,4,2026-02-15
35,3,13,2,2026-02-15
35,4,10,7,2026-02-15
35,5,9,5,2026-02-15
35,6,6,9,2026-02-15
35,7,13,7,2026-02-15
35,8,13,4,2026-02-15
36,1,14,4,2026-02-15
36,2,14,2,2026-02-15
36,3,12,9,2026-02-15
36,4,12,5,2026-02-15
36,5,9,6,2026-02-15
36,6,17,6,2026-02-15
36,7,14,7,2026-02-15
36,8,11,2,2026-02-15
37,1,10,7,2026-02-15
37,2,13,5,2026-02-15
37,3,15,8,2026-02-15
37,4,12,7,2026-02-15
37,5,9,4,2026-02-15
37,6,15,8,2026-02-15
37,7,11,3,2026-02-15
37,8,10,3,2026-02-15
38,1,17,3,2026-02-15
38,2,12,4,2026-02-15
38,3,11,2,2026-02-15
38,4,12,7,2026-02-15
38,5,16,8,2026-02-15
38,6,15,7,2026-02-15
38,7,11,2,2026-02-15
38,8,11,2,2026-02-15
39,1,16,4,2026-02-15
39,2,12,6,2026-02-15
39,3,14,4,2026-02-15
39,4,7,2,2026-02-15
39,5,11,9,2026-02-15
39,6,17,5,2026-02-15
39,7,14,3,2026-02-15
39,8,4,8,2026-02-15
40,1,9,2,2026-02-15
40,2,11,4,2026-02-15
40,3,13,2,2026-02-15
40,4,6,8,2026-02-15
40,5,15,6,2026-02-15
40,6,14,4,2026-02-15
40,7,13,4,2026-02-15
40,8,18,5,2026-02-15
41,1,8,6,2026-02-15
41,2,17,9,2026-02-15
41,3,14,4,2026-02-15
41,4,12,3,2026-02-15
41,5,9,9,2026-02-15
41,6,14,4,2026-02-15
41,7,6,7,2026-02-15
41,8,15,3,2026-02-15
42,1,11,5,2026-02-15
42,2,18,9,2026-02-15
42,3,17,4,2026-02-15
42,4,13,2,2026-02-15
42,5,12,5,2026-02-15
42,6,11,9,2026-02-15
42,7,10,3,2026-02-15
42,8,13,8,2026-02-15
43,1,15,2,2026-02-15
43,2,14,3,2026-02-15
43,3,16,7,2026-02-15
43,4,11,6,2026-02-15
43,5,23,9,2026-02-15
43,6,11,7,2026-02-15
43,7,18,4,2026-02-15
43,8,11,6,2026-02-15
44,1,16,5,2026-02-15
44,2,10,5,2026-02-15
44,3,6,7,2026-02-15
44,4,11,9,2026-02-15
44,5,12,6,2026-02-15
44,6,11,9,2026-02-15
44,7,14,6,2026-02-15
44,8,10,5,2026-02-15
45,1,16,2,2026-02-15
45,2,13,4,2026-02-15
45,3,8,5,2026-02-15
45,4,17,2,2026-02-15
45,5,15,8,2026-02-15
45,6,11,2,2026-02-15
45,7,7,3,2026-02-15
45,8,14,5,2026-02-15
46,1,12,9,2026-02-15
46,2,19,4,2026-02-15
46,3,12,5,2026-02-15
46,4,16,3,2026-02-15
46,5,12,7,2026-02-15
46,6,15,4,2026-02-15
46,7,18,2,2026-02-15
46,8,11,8,2026-02-15
47,1,13,4,2026-02-15
47,2,8,5,2026-02-15
47,3,10,8,2026-02-15
47,4,17,6,2026-02-15
47,5,23,8,2026-02-15
47,6,14,7,2026-02-15
47,7,12,6,2026-02-15
47,8,10,9,2026-02-15
48,1,15,7,2026-02-15
48,2,10,2,2026-02-15
48,3,10,8,2026-02-15
48,4,8,6,2026-02-15
48,5,7,3,2026-02-15
48,6,6,7,2026-02-15
48,7,12,6,2026-02-15
48,8,19,6,2026-02-15
49,1,7,3,2026-02-15
49,2,6,3,2026-02-15
49,3,9,3,2026-02-15
49,4,6,8,2026-02-15
49,5,9,4,2026-02-15
49,6,11,6,2026-02-15
49,7,13,2,2026-02-15
49,8,13,2,2026-02-15
50,1,15,8,2026-02-15
50,2,12,3,2026-02-15
50,3,16,5,2026-02-15
50,4,14,5,2026-02-15
50,5,9,8,2026-02-15
50,6,12,6,2026-02-15
50,7,11,3,2026-02-15
50,8,7,4,2026-02-15
51,1,9,2,2026-02-15
51,2,4,7,2026-02-15
51,3,17,9,2026-02-15
51,4,15,4,2026-02-15
51,5,16,2,2026-02-15
51,6,16,5,2026-02-15
51,7,11,9,2026-02-15
51,8,21,3,2026-02-15
52,1,18,8,2026-02-15
52,2,14,2,2026-02-15
52,3,9,5,2026-02-15
52,4,14,6,2026-02-15
52,5,12,6,2026-02-15
52,6,20,2,2026-02-15
52,7,12,9,2026-02-15
52,8,11,5,2026-02-15
53,1,16,6,2026-02-15
53,2,9,4,2026-02-15
53,3,14,5,2026-02-15
53,4,14,3,2026-02-15
53,5,11,5,2026-02-15
53,6,15,5,2026-02-15
53,7,12,6,2026-02-15
53,8,10,2,2026-02-15
54,1,12,3,2026-02-15
54,2,10,5,2026-02-15
54,3,19,4,2026-02-15
54,4,11,7,2026-02-15
54,5,9,2,2026-02-15
54,6,21,7,2026-02-15
54,7,15,9,2026-02-15
54,8,15,3,2026-02-15
55,1,16,3,2026-02-15
55,2,7,9,2026-02-15
55,3,10,8,2026-02-15
55,4,12,7,2026-02-15
55,5,13,6,2026-02-15
55,6,16,4,2026-02-15
55,7,16,9,2026-02-15
55,8,11,5,2026-02-15
56,1,17,6,2026-02-15
56,2,9,8,2026-02-15
56,3,9,5,2026-02-15
56,4,6,4,2026-02-15
56,5,14,2,2026-02-15
56,6,13,6,2026-02-15
56,7,12,8,2026-02-15
56,8,14,2,2026-02-15
57,1,19,7,2026-02-15
57,2,12,2,2026-02-15
57,3,14,3,2026-02-15
57,4,11,3,2026-02-15
57,5,10,9,2026-02-15
57,6,12,6,2026-02-15
57,7,15,7,2026-02-15
57,8,11,7,2026-02-15
58,1,16,6,2026-02-15
58,2,16,7,2026-02-15
58,3,7,5,2026-02-15
58,4,9,4,2026-02-15
58,5,8,3,2026-02-15
58,6,15,9,2026-02-15
58,7,15,7,2026-02-15
58,8,13,4,2026-02-15
59,1,16,6,2026-02-15
59,2,18,4,2026-02-15
59,3,8,9,2026-02-15
59,4,6,2,2026-02-15
59,5,11,6,2026-02-15
59,6,7,9,2026-02-15
59,7,12,8,2026-02-15
59,8,11,6,2026-02-15
60,1,2,8,2026-02-15
60,2,13,3,2026-02-15
60,3,13,2,2026-02-15
60,4,9,6,2026-02-15
60,5,23,4,2026-02-15
60,6,9,3,2026-02-15
60,7,20,9,2026-02-15
60,8,10,6,2026-02-15
61,1,14,6,2026-02-15
61,2,12,4,2026-02-15
61,3,8,8,2026-02-15
61,4,19,6,2026-02-15
61,5,17,6,2026-02-15
61,6,13,4,2026-02-15
61,7,13,7,2026-02-15
61,8,6,8,2026-02-15
62,1,17,8,2026-02-15
62,2,10,9,2026-02-15
62,3,10,3,2026-02-15
62,4,17,9,2026-02-15
62,5,10,8,2026-02-15
62,6,12,3,2026-02-15
62,7,8,6,2026-02-15
62,8,10,4,2026-02-15
63,1,4,5,2026-02-15
63,2,9,8,2026-02-15
63,3,11,3,2026-02-15
63,4,10,2,2026-02-15
63,5,9,2,2026-02-15
63,6,11,7,2026-02-15
63,7,11,7,2026-02-15
63,8,11,2,2026-02-15
64,1,11,3,2026-02-15
64,2,14,8,2026-02-15
64,3,12,9,2026-02-15
64,4,4,5,2026-02-15
64,5,19,4,2026-02-15
64,6,15,2,2026-02-15
64,7,14,2,2026-02-15
64,8,18,9,2026-02-15
65,1,8,7,2026-02-15
65,2,18,8,2026-02-15
65,3,16,3,2026-02-15
65,4,15,6,2026-02-15
65,5,9,6,2026-02-15
65,6,16,5,2026-02-15
65,7,14,9,2026-02-15
65,8,12,8,2026-02-15
66,1,12,5,2026-02-15
66,2,11,5,2026-02-15
66,3,13,8,2026-02-15
66,4,9,4,2026-02-15
66,5,14,9,2026-02-15
66,6,12,4,2026-02-15
66,7,14,3,2026-02-15
66,8,15,9,2026-02-15
67,1,9,2,2026-02-15
67,2,12,4,2026-02-15
67,3,8,7,2026-02-15
67,4,10,7,2026-02-15
67,5,13,2,2026-02-15
67,6,10,4,2026-02-15
67,7,14,7,2026-02-15
67,8,11,6,2026-02-15
68,1,15,8,2026-02-15
68,2,8,7,2026-02-15
68,3,18,7,2026-02-15
68,4,12,7,2026-02-15
68,5,13,5,2026-02-15
68,6,11,5,2026-02-15
68,7,6,3,2026-02-15
68,8,12,5,2026-02-15
69,1,12,3,2026-02-15
69,2,13,6,2026-02-15
69,3,18,2,2026-02-15
69,4,6,5,2026-02-15
69,5,6,6,2026-02-15
69,6,9,2,2026-02-15
69,7,14,4,2026-02-15
69,8,9,6,2026-02-15
70,1,8,2,2026-02-15
70,2,9,3,2026-02-15
70,3,11,2,2026-02-15
70,4,9,2,2026-02-15
70,5,9,7,2026-02-15
70,6,8,9,2026-02-15
70,7,14,4,2026-02-15
70,8,11,4,2026-02-15
71,1,12,4,2026-02-15
71,2,13,2,2026-02-15
71,3,14,6,2026-02-15
71,4,6,8,2026-02-15
71,5,18,3,2026-02-15
71,6,15,4,2026-02-15
71,7,13,8,2026-02-15
71,8,12,3,2026-02-15
72,1,12,4,2026-02-15
72,2,12,3,2026-02-15
72,3,11,4,2026-02-15
72,4,12,5,2026-02-15
72,5,11,4,2026-02-15
72,6,14,5,2026-02-15
72,7,12,8,2026-02-15
72,8,10,2,2026-02-15
73,1,8,8,2026-02-15
73,2,5,5,2026-02-15
73,3,9,4,2026-02-15
73,4,11,2,2026-02-15
73,5,18,6,2026-02-15
73,6,6,6,2026-02-15
73,7,16,5,2026-02-15
73,8,10,5,2026-02-15
74,1,11,2,2026-02-15
74,2,10,5,2026-02-15
74,3,9,6,2026-02-15
74,4,10,3,2026-02-15
74,5,9,2,2026-02-15
74,6,7,4,2026-02-15
74,7,16,2,2026-02-15
74,8,16,2,2026-02-15
75,1,10,7,2026-02-15
75,2,11,6,2026-02-15
75,3,12,9,2026-02-15
75,4,14,8,2026-02-15
75,5,11,6,2026-02-15
75,6,14,3,2026-02-15
75,7,10,7,2026-02-15
75,8,17,3,2026-02-15
76,1,13,3,2026-02-15
76,2,12,7,2026-02-15
76,3,8,8,2026-02-15
76,4,9,5,2026-02-15
76,5,11,2,2026-02-15
76,6,12,8,2026-02-15
76,7,15,3,2026-02-15
76,8,11,3,2026-02-15
77,1,14,6,2026-02-15
77,2,10,3,2026-02-15
77,3,12,3,2026-02-15
77,4,17,2,2026-02-15
77,5,13,4,2026-02-15
77,6,12,6,2026-02-15
77,7,9,9,2026-02-15
77,8,12,2,2026-02-15
78,1,17,5,2026-02-15
78,2,10,7,2026-02-15
78,3,12,2,2026-02-15
78,4,17,6,2026-02-15
78,5,11,3,2026-02-15
78,6,17,9,2026-02-15
78,7,8,8,2026-02-15
78,8,6,6,2026-02-15
79,1,19,4,2026-02-15
79,2,9,9,2026-02-15
79,3,13,5,2026-02-15
79,4,12,3,2026-02-15
79,5,11,9,2026-02-15
79,6,12,5,2026-02-15
79,7,6,9,2026-02-15
79,8,13,6,2026-02-15
80,1,10,5,2026-02-15
80,2,8,9,2026-02-15
80,3,14,5,2026-02-15
80,4,15,9,2026-02-15
80,5,12,5,2026-02-15
80,6,12,7,2026-02-15
80,7,11,2,2026-02-15
80,8,9,7,2026-02-15
81,1,15,3,2026-02-15
81,2,14,3,2026-02-15
81,3,11,2,2026-02-15
81,4,13,6,2026-02-15
81,5,16,7,2026-02-15
81,6,9,7,2026-02-15
81,7,16,8,2026-02-15
81,8,8,6,2026-02-15
82,1,15,9,2026-02-15
82,2,9,9,2026-02-15
82,3,11,9,2026-02-15
82,4,10,9,2026-02-15
82,5,14,9,2026-02-15
82,6,9,9,2026-02-15
82,7,15,4,2026-02-15
82,8,7,4,2026-02-15
83,1,16,7,2026-02-15
83,2,10,4,2026-02-15
83,3,10,9,2026-02-15
83,4,13,9,2026-02-15
83,5,11,4,2026-02-15
83,6,15,3,2026-02-15
83,7,7,9,2026-02-15
83,8,18,6,2026-02-15
84,1,13,6,2026-02-15
84,2,15,2,2026-02-15
84,3,16,7,2026-02-15
84,4,11,6,2026-02-15
84,5,13,4,2026-02-15
84,6,14,3,2026-02-15
84,7,13,8,2026-02-15
84,8,13,5,2026-02-15
85,1,11,5,2026-02-15
85,2,21,9,2026-02-15
85,3,13,3,2026-02-15
85,4,18,9,2026-02-15
85,5,14,3,2026-02-15
85,6,6,5,2026-02-15
85,7,9,4,2026-02-15
85,8,9,8,2026-02-15
86,1,14,8,2026-02-15
86,2,10,4,2026-02-15
86,3,8,2,2026-02-15
86,4,12,7,2026-02-15
86,5,7,6,2026-02-15
86,6,6,3,2026-02-15
86,7,11,4,2026-02-15
86,8,12,3,2026-02-15
87,1,6,5,2026-02-15
87,2,9,7,2026-02-15
87,3,13,9,2026-02-15
87,4,7,2,2026-02-15
87,5,10,5,2026-02-15
87,6,9,8,2026-02-15
87,7,15,9,2026-02-15
87,8,8,3,2026-02-15
88,1,13,9,2026-02-15
88,2,13,7,2026-02-15
88,3,10,5,2026-02-15
88,4,12,8,2026-02-15
88,5,14,3,2026-02-15
88,6,11,9,2026-02-15
88,7,14,8,2026-02-15
88,8,12,2,2026-02-15
89,1,12,5,2026-02-15
89,2,12,8,2026-02-15
89,3,7,4,2026-02-15
89,4,15,6,2026-02-15
89,5,12,5,2026-02-15
89,6,12,5,2026-02-15
89,7,15,8,2026-02-15
89,8,13,7,2026-02-15
90,1,16,7,2026-02-15
90,2,16,6,2026-02-15
90,3,13,7,2026-02-15
90,4,8,4,2026-02-15
90,5,10,6,2026-02-15
90,6,15,2,2026-02-15
90,7,12,8,2026-02-15
90,8,9,8,2026-02-15
91,1,13,5,2026-02-15
91,2,15,2,2026-02-15
91,3,13,9,2026-02-15
91,4,9,4,2026-02-15
91,5,13,5,2026-02-15
91,6,15,3,2026-02-15
91,7,15,7,2026-02-15
91,8,11,6,2026-02-15
92,1,14,9,2026-02-15
92,2,10,5,2026-02-15
92,3,14,5,2026-02-15
92,4,12,5,2026-02-15
92,5,15,9,2026-02-15
92,6,9,2,2026-02-15
92,7,14,3,2026-02-15
92,8,11,4,2026-02-15
93,1,14,3,2026-02-15
93,2,14,8,2026-02-15
93,3,18,7,2026-02-15
93,4,12,4,2026-02-15
93,5,11,6,2026-02-15
93,6,18,2,2026-02-15
93,7,14,5,2026-02-15
93,8,9,3,2026-02-15
94,1,11,2,2026-02-15
94,2,14,7,2026-02-15
94,3,15,7,2026-02-15
94,4,6,2,2026-02-15
94,5,19,7,2026-02-15
94,6,5,9,2026-02-15
94,7,14,8,2026-02-15
94,8,12,7,2026-02-15
95,1,14,4,2026-02-15
95,2,17,3,2026-02-15
95,3,12,5,2026-02-15
95,4,11,8,2026-02-15
95,5,10,5,2026-02-15
95,6,10,2,2026-02-15
95,7,11,4,2026-02-15
95,8,10,2,2026-02-15
96,1,16,6,2026-02-15
96,2,12,8,2026-02-15
96,3,20,8,2026-02-15
96,4,11,2,2026-02-15
96,5,11,4,2026-02-15
96,6,10,5,2026-02-15
96,7,13,4,2026-02-15
96,8,13,4,2026-02-15
97,1,11,5,2026-02-15
97,2,15,6,2026-02-15
97,3,6,4,2026-02-15
97,4,15,7,2026-02-15
97,5,16,8,2026-02-15
97,6,8,8,2026-02-15
97,7,13,5,2026-02-15
97,8,22,8,2026-02-15
98,1,8,2,2026-02-15
98,2,14,9,2026-02-15
98,3,17,7,2026-02-15
98,4,12,9,2026-02-15
98,5,8,7,2026-02-15
98,6,9,2,2026-02-15
98,7,13,9,2026-02-15
98,8,11,6,2026-02-15
99,1,9,6,2026-02-15
99,2,12,6,2026-02-15
99,3,10,4,2026-02-15
99,4,13,6,2026-02-15
99,5,9,8,2026-02-15
99,6,14,4,2026-02-15
99,7,9,3,2026-02-15
99,8,13,4,2026-02-15
100,1,21,5,2026-02-15
100,2,11,7,2026-02-15
100,3,9,7,2026-02-15
100,4,8,5,2026-02-15
100,5,17,3,2026-02-15
100,6,13,9,2026-02-15
100,7,22,8,2026-02-15
100,8,9,9,2026-02-15
101,1,12,6,2026-02-15
101,2,13,3,2026-02-15
101,3,10,6,2026-02-15
101,4,11,4,2026-02-15
101,5,17,7,2026-02-15
101,6,12,7,2026-02-15
101,7,7,7,2026-02-15
101,8,12,6,2026-02-15
102,1,17,9,2026-02-15
102,2,21,2,2026-02-15
102,3,9,9,2026-02-15
102,4,11,4,2026-02-15
102,5,11,2,2026-02-15
102,6,13,2,2026-02-15
102,7,11,2,2026-02-15
102,8,8,8,2026-02-15
103,1,11,8,2026-02-15
103,2,11,6,2026-02-15
103,3,13,3,2026-02-15
103,4,17,3,2026-02-15
103,5,10,2,2026-02-15
103,6,14,3,2026-02-15
103,7,6,6,2026-02-15
103,8,7,9,2026-02-15
104,1,9,3,2026-02-15
104,2,4,2,2026-02-15
104,3,15,8,2026-02-15
104,4,12,4,2026-02-15
104,5,13,8,2026-02-15
104,6,11,9,2026-02-15
104,7,6,4,2026-02-15
104,8,15,9,2026-02-15
105,1,9,3,2026-02-15
105,2,6,6,2026-02-15
105,3,13,8,2026-02-15
105,4,9,6,2026-02-15
105,5,14,8,2026-02-15
105,6,12,3,2026-02-15
105,7,9,8,2026-02-15
105,8,8,7,2026-02-15
106,1,10,9,2026-02-15
106,2,14,5,2026-02-15
106,3,13,3,2026-02-15
106,4,8,6,2026-02-15
106,5,10,8,2026-02-15
106,6,10,4,2026-02-15
106,7,15,9,2026-02-15
106,8,16,5,2026-02-15
107,1,14,7,2026-02-15
107,2,14,3,2026-02-15
107,3,12,3,2026-02-15
107,4,15,2,2026-02-15
107,5,12,8,2026-02-15
107,6,12,5,2026-02-15
107,7,11,9,2026-02-15
107,8,13,7,2026-02-15
108,1,9,6,2026-02-15
108,2,15,3,2026-02-15
108,3,9,4,2026-02-15
108,4,9,3,2026-02-15
108,5,13,4,2026-02-15
108,6,10,2,2026-02-15
108,7,19,3,2026-02-15
108,8,13,7,2026-02-15
109,1,8,3,2026-02-15
109,2,14,6,2026-02-15
109,3,14,8,2026-02-15
109,4,5,7,2026-02-15
109,5,7,4,2026-02-15
109,6,15,3,2026-02-15
109,7,13,2,2026-02-15
109,8,12,9,2026-02-15
110,1,12,4,2026-02-15
110,2,12,4,2026-02-15
110,3,13,3,2026-02-15
110,4,13,9,2026-02-15
110,5,10,6,2026-02-15
110,6,13,9,2026-02-15
110,7,16,7,2026-02-15
110,8,14,7,2026-02-15
111,1,13,6,2026-02-15
111,2,10,4,2026-02-15
111,3,10,8,2026-02-15
111,4,10,7,2026-02-15
111,5,7,8,2026-02-15
111,6,18,6,2026-02-15
111,7,17,9,2026-02-15
111,8,15,2,2026-02-15
112,1,13,7,2026-02-15
112,2,12,4,2026-02-15
112,3,12,8,2026-02-15
112,4,11,5,2026-02-15
112,5,9,2,2026-02-15
112,6,10,4,2026-02-15
112,7,11,9,2026-02-15
112,8,16,8,2026-02-15
113,1,10,5,2026-02-15
113,2,14,4,2026-02-15
113,3,10,6,2026-02-15
113,4,13,6,2026-02-15
113,5,9,4,2026-02-15
113,6,12,6,2026-02-15
113,7,15,2,2026-02-15
113,8,10,6,2026-02-15
114,1,15,9,2026-02-15
114,2,7,4,2026-02-15
114,3,9,9,2026-02-15
114,4,5,5,2026-02-15
114,5,12,4,2026-02-15
114,6,13,7,2026-02-15
114,7,12,7,2026-02-15
114,8,9,3,2026-02-15
115,1,12,8,2026-02-15
115,2,10,6,2026-02-15
115,3,15,4,2026-02-15
115,4,18,9,2026-02-15
115,5,16,5,2026-02-15
115,6,14,2,2026-02-15
115,7,14,5,2026-02-15
115,8,19,8,2026-02-15
116,1,10,2,2026-02-15
116,2,11,4,2026-02-15
116,3,6,4,2026-02-15
116,4,11,6,2026-02-15
116,5,17,2,2026-02-15
116,6,11,8,2026-02-15
116,7,13,3,2026-02-15
116,8,19,3,2026-02-15
117,1,8,2,2026-02-15
117,2,13,7,2026-02-15
117,3,17,5,2026-02-15
117,4,11,2,2026-02-15
117,5,13,5,2026-02-15
117,6,12,2,2026-02-15
117,7,7,9,2026-02-15
117,8,15,4,2026-02-15
118,1,14,2,2026-02-15
118,2,11,9,2026-02-15
118,3,11,8,2026-02-15
118,4,13,7,2026-02-15
118,5,10,5,2026-02-15
118,6,22,7,2026-02-15
118,7,13,4,2026-02-15
118,8,12,6,2026-02-15
119,1,8,7,2026-02-15
119,2,10,8,2026-02-15
119,3,13,5,2026-02-15
119,4,5,4,2026-02-15
119,5,12,3,2026-02-15
119,6,11,3,2026-02-15
119,7,11,5,2026-02-15
119,8,10,7,2026-02-15
120,1,12,6,2026-02-15
120,2,12,5,2026-02-15
120,3,10,4,2026-02-15
120,4,14,6,2026-02-15
120,5,15,4,2026-02-15
120,6,12,9,2026-02-15
120,7,9,8,2026-02-15
120,8,12,6,2026-02-15
121,1,12,4,2026-02-15
121,2,17,6,2026-02-15
121,3,17,5,2026-02-15
121,4,16,2,2026-02-15
121,5,15,7,2026-02-15
121,6,9,4,2026-02-15
121,7,14,2,2026-02-15
121,8,8,7,2026-02-15
122,1,10,8,2026-02-15
122,2,14,4,2026-02-15
122,3,15,9,2026-02-15
122,4,8,4,2026-02-15
122,5,21,6,2026-02-15
122,6,9,7,2026-02-15
122,7,13,3,2026-02-15
122,8,12,8,2026-02-15
123,1,15,8,2026-02-15
123,2,10,4,2026-02-15
123,3,10,7,2026-02-15
123,4,16,2,2026-02-15
123,5,13,7,2026-02-15
123,6,10,5,2026-02-15
123,7,14,5,2026-02-15
123,8,8,9,2026-02-15
124,1,14,5,2026-02-15
124,2,14,7,2026-02-15
124,3,13,6,2026-02-15
124,4,10,4,2026-02-15
124,5,14,6,2026-02-15
124,6,13,2,2026-02-15
124,7,14,4,2026-02-15
124,8,13,4,2026-02-15
125,1,16,8,2026-02-15
125,2,15,7,2026-02-15
125,3,10,2,2026-02-15
125,4,15,9,2026-02-15
125,5,7,5,2026-02-15
125,6,9,2,2026-02-15
125,7,14,3,2026-02-15
125,8,10,6,2026-02-15
126,1,10,4,2026-02-15
126,2,8,9,2026-02-15
126,3,10,4,2026-02-15
126,4,17,6,2026-02-15
126,5,12,3,2026-02-15
126,6,17,4,2026-02-15
126,7,10,3,2026-02-15
126,8,8,5,2026-02-15
127,1,15,2,2026-02-15
127,2,13,3,2026-02-15
127,3,8,3,2026-02-15
127,4,12,5,2026-02-15
127,5,13,9,2026-02-15
127,6,18,4,2026-02-15
127,7,13,6,2026-02-15
127,8,13,3,2026-02-15
128,1,16,6,2026-02-15
128,2,14,9,2026-02-15
128,3,13,9,2026-02-15
128,4,17,4,2026-02-15
128,5,17,5,2026-02-15
128,6,12,3,2026-02-15
128,7,18,8,2026-02-15
128,8,10,8,2026-02-15
129,1,13,6,2026-02-15
129,2,19,4,2026-02-15
129,3,17,8,2026-02-15
129,4,21,2,2026-02-15
129,5,11,8,2026-02-15
129,6,12,3,2026-02-15
129,7,9,6,2026-02-15
129,8,9,4,2026-02-15
130,1,15,4,2026-02-15
130,2,16,7,2026-02-15
130,3,13,2,2026-02-15
130,4,5,9,2026-02-15
130,5,16,9,2026-02-15
130,6,10,4,2026-02-15
130,7,15,7,2026-02-15
130,8,14,2,2026-02-15
131,1,14,8,2026-02-15
131,2,7,4,2026-02-15
131,3,8,4,2026-02-15
131,4,20,9,2026-02-15
131,5,17,7,2026-02-15
131,6,16,2,2026-02-15
131,7,13,7,2026-02-15
131,8,8,4,2026-02-15
132,1,21,8,2026-02-15
132,2,11,4,2026-02-15
132,3,14,8,2026-02-15
132,4,14,8,2026-02-15
132,5,12,9,2026-02-15
132,6,7,8,2026-02-15
132,7,8,5,2026-02-15
132,8,7,7,2026-02-15
133,1,10,4,2026-02-15
133,2,14,9,2026-02-15
133,3,14,6,2026-02-15
133,4,10,9,2026-02-15
133,5,18,3,2026-02-15
133,6,11,2,2026-02-15
133,7,8,8,2026-02-15
133,8,17,6,2026-02-15
134,1,11,4,2026-02-15
134,2,9,7,2026-02-15
134,3,17,5,2026-02-15
134,4,11,4,2026-02-15
134,5,14,9,2026-02-15
134,6,9,6,2026-02-15
134,7,14,2,2026-02-15
134,8,18,2,2026-02-15
135,1,13,3,2026-02-15
135,2,9,5,2026-02-15
135,3,12,3,2026-02-15
135,4,8,7,2026-02-15
135,5,9,5,2026-02-15
135,6,12,4,2026-02-15
135,7,9,5,2026-02-15
135,8,5,9,2026-02-15
136,1,13,7,2026-02-15
136,2,10,8,2026-02-15
136,3,15,7,2026-02-15
136,4,15,4,2026-02-15
136,5,16,8,2026-02-15
136,6,15,2,2026-02-15
136,7,17,3,2026-02-15
136,8,7,7,2026-02-15
137,1,16,3,2026-02-15
137,2,9,9,2026-02-15
137,3,17,9,2026-02-15
137,4,10,9,2026-02-15
137,5,12,7,2026-02-15
137,6,13,4,2026-02-15
137,7,10,4,2026-02-15
137,8,17,2,2026-02-15
138,1,12,7,2026-02-15
138,2,5,2,2026-02-15
138,3,10,8,2026-02-15
138,4,15,9,2026-02-15
138,5,10,3,2026-02-15
138,6,18,5,2026-02-15
138,7,16,2,2026-02-15
138,8,20,6,2026-02-15
139,1,7,7,2026-02-15
139,2,17,8,2026-02-15
139,3,12,6,2026-02-15
139,4,11,8,2026-02-15
139,5,13,3,2026-02-15
139,6,10,7,2026-02-15
139,7,14,2,2026-02-15
139,8,8,7,2026-02-15
140,1,15,2,2026-02-15
140,2,10,6,2026-02-15
140,3,16,6,2026-02-15
140,4,8,2,2026-02-15
140,5,12,9,2026-02-15
140,6,15,8,2026-02-15
140,7,13,2,2026-02-15
140,8,17,3,2026-02-15
141,1,13,7,2026-02-15
141,2,10,3,2026-02-15
141,3,14,5,2026-02-15
141,4,7,8,2026-02-15
141,5,14,5,2026-02-15
141,6,13,8,2026-02-15
141,7,8,3,2026-02-15
141,8,8,8,2026-02-15
142,1,11,5,2026-02-15
142,2,10,6,2026-02-15
142,3,10,2,2026-02-15
142,4,6,9,2026-02-15
142,5,12,2,2026-02-15
142,6,7,2,2026-02-15
142,7,7,7,2026-02-15
142,8,9,6,2026-02-15
143,1,11,3,2026-02-15
143,2,12,9,2026-02-15
143,3,10,2,2026-02-15
143,4,11,8,2026-02-15
143,5,13,5,2026-02-15
143,6,4,8,2026-02-15
143,7,9,3,2026-02-15
143,8,18,3,2026-02-15
144,1,9,9,2026-02-15
144,2,12,3,2026-02-15
144,3,12,5,2026-02-15
144,4,16,4,2026-02-15
144,5,13,5,2026-02-15
144,6,11,3,2026-02-15
144,7,5,9,2026-02-15
144,8,15,9,2026-02-15
145,1,12,7,2026-02-15
145,2,12,8,2026-02-15
145,3,12,5,2026-02-15
145,4,11,5,2026-02-15
145,5,21,7,2026-02-15
145,6,9,3,2026-02-15
145,7,12,9,2026-02-15
145,8,9,7,2026-02-15
146,1,12,9,2026-02-15
146,2,10,7,2026-02-15
146,3,12,3,2026-02-15
146,4,10,7,2026-02-15
146,5,10,9,2026-02-15
146,6,16,4,2026-02-15
146,7,16,8,2026-02-15
146,8,16,9,2026-02-15
147,1,15,4,2026-02-15
147,2,8,6,2026-02-15
147,3,15,8,2026-02-15
147,4,12,2,2026-02-15
147,5,16,4,2026-02-15
147,6,10,5,2026-02-15
147,7,5,3,2026-02-15
147,8,11,5,2026-02-15
148,1,13,5,2026-02-15
148,2,15,9,2026-02-15
148,3,10,2,2026-02-15
148,4,13,9,2026-02-15
148,5,10,5,2026-02-15
148,6,8,5,2026-02-15
148,7,12,3,2026-02-15
148,8,9,3,2026-02-15
149,1,6,8,2026-02-15
149,2,12,7,2026-02-15
149,3,10,7,2026-02-15
149,4,15,3,2026-02-15
149,5,14,7,2026-02-15
149,6,13,9,2026-02-15
149,7,12,5,2026-02-15
149,8,7,9,2026-02-15
150,1,7,2,2026-02-15
150,2,15,3,2026-02-15
150,3,12,2,2026-02-15
150,4,7,9,2026-02-15
150,5,19,8,2026-02-15
150,6,11,4,2026-02-15
150,7,16,3,2026-02-15
150,8,10,6,2026-02-15
151,1,17,8,2026-02-15
151,2,13,5,2026-02-15
151,3,16,7,2026-02-15
151,4,12,7,2026-02-15
151,5,8,3,2026-02-15
151,6,5,2,2026-02-15
151,7,12,7,2026-02-15
151,8,9,3,2026-02-15
152,1,12,8,2026-02-15
152,2,7,5,2026-02-15
152,3,12,5,2026-02-15
152,4,6,3,2026-02-15
152,5,16,8,2026-02-15
152,6,13,9,2026-02-15
152,7,8,4,2026-02-15
152,8,17,6,2026-02-15
153,1,10,9,2026-02-15
153,2,14,9,2026-02-15
153,3,8,5,2026-02-15
153,4,9,6,2026-02-15
153,5,9,8,2026-02-15
153,6,9,9,2026-02-15
153,7,10,3,2026-02-15
153,8,6,7,2026-02-15
154,1,13,4,2026-02-15
154,2,14,3,2026-02-15
154,3,11,8,2026-02-15
154,4,14,9,2026-02-15
154,5,9,6,2026-02-15
154,6,11,5,2026-02-15
154,7,4,8,2026-02-15
154,8,11,4,2026-02-15
155,1,13,4,2026-02-15
155,2,19,8,2026-02-15
155,3,9,6,2026-02-15
155,4,13,8,2026-02-15
155,5,10,5,2026-02-15
155,6,10,8,2026-02-15
155,7,14,4,2026-02-15
155,8,5,3,2026-02-15
156,1,14,7,2026-02-15
156,2,14,2,2026-02-15
156,3,10,8,2026-02-15
156,4,14,8,2026-02-15
156,5,15,4,2026-02-15
156,6,12,5,2026-02-15
156,7,10,6,2026-02-15
156,8,16,9,2026-02-15
157,1,10,4,2026-02-15
157,2,14,2,2026-02-15
157,3,7,5,2026-02-15
157,4,17,8,2026-02-15
157,5,8,8,2026-02-15
157,6,10,6,2026-02-15
157,7,14,7,2026-02-15
157,8,7,5,2026-02-15
158,1,23,2,2026-02-15
158,2,8,3,2026-02-15
158,3,16,9,2026-02-15
158,4,12,6,2026-02-15
158,5,11,4,2026-02-15
158,6,7,8,2026-02-15
158,7,13,2,2026-02-15
158,8,7,6,2026-02-15
159,1,19,4,2026-02-15
159,2,15,7,2026-02-15
159,3,13,4,2026-02-15
159,4,12,3,2026-02-15
159,5,12,8,2026-02-15
159,6,10,8,2026-02-15
159,7,17,6,2026-02-15
159,8,13,6,2026-02-15
160,1,13,4,2026-02-15
160,2,6,8,2026-02-15
160,3,10,5,2026-02-15
160,4,10,6,2026-02-15
160,5,12,7,2026-02-15
160,6,10,8,2026-02-15
160,7,15,4,2026-02-15
160,8,19,8,2026-02-15
161,1,15,3,2026-02-15
161,2,11,2,2026-02-15
161,3,9,7,2026-02-15
161,4,12,5,2026-02-15
161,5,7,2,2026-02-15
161,6,16,9,2026-02-15
161,7,5,9,2026-02-15
161,8,14,2,2026-02-15
162,1,14,7,2026-02-15
162,2,15,2,2026-02-15
162,3,17,2,2026-02-15
162,4,15,6,2026-02-15
162,5,12,6,2026-02-15
162,6,16,2,2026-02-15
162,7,15,4,2026-02-15
162,8,12,7,2026-02-15
163,1,6,4,2026-02-15
163,2,7,5,2026-02-15
163,3,11,3,2026-02-15
163,4,11,7,2026-02-15
163,5,9,2,2026-02-15
163,6,20,5,2026-02-15
163,7,10,3,2026-02-15
163,8,12,8,2026-02-15
164,1,7,8,2026-02-15
164,2,10,5,2026-02-15
164,3,19,3,2026-02-15
164,4,11,7,2026-02-15
164,5,13,8,2026-02-15
164,6,14,5,2026-02-15
164,7,11,3,2026-02-15
164,8,15,5,2026-02-15
165,1,11,4,2026-02-15
165,2,6,9,2026-02-15
165,3,9,3,2026-02-15
165,4,7,2,2026-02-15
165,5,9,9,2026-02-15
165,6,14,4,2026-02-15
165,7,17,5,2026-02-15
165,8,9,7,2026-02-15
166,1,10,2,2026-02-15
166,2,16,2,2026-02-15
166,3,8,2,2026-02-15
166,4,14,5,2026-02-15
166,5,9,4,2026-02-15
166,6,15,8,2026-02-15
166,7,16,2,2026-02-15
166,8,14,9,2026-02-15
167,1,11,7,2026-02-15
167,2,13,4,2026-02-15
167,3,9,7,2026-02-15
167,4,17,3,2026-02-15
167,5,14,8,2026-02-15
167,6,9,3,2026-02-15
167,7,18,5,2026-02-15
167,8,10,2,2026-02-15
168,1,12,6,2026-02-15
168,2,7,3,2026-02-15
168,3,17,8,2026-02-15
168,4,13,6,2026-02-15
168,5,15,3,2026-02-15
168,6,12,7,2026-02-15
168,7,12,8,2026-02-15
168,8,15,7,2026-02-15
169,1,13,3,2026-02-15
169,2,12,4,2026-02-15
169,3,18,8,2026-02-15
169,4,16,4,2026-02-15
169,5,10,3,2026-02-15
169,6,9,6,2026-02-15
169,7,7,5,2026-02-15
169,8,13,3,2026-02-15
170,1,12,9,2026-02-15
170,2,9,4,2026-02-15
170,3,11,9,2026-02-15
170,4,10,2,2026-02-15
170,5,9,7,2026-02-15
170,6,24,4,2026-02-15
170,7,12,5,2026-02-15
170,8,11,4,2026-02-15
171,1,7,6,2026-02-15
171,2,12,3,2026-02-15
171,3,12,8,2026-02-15
171,4,13,7,2026-02-15
171,5,18,9,2026-02-15
171,6,10,7,2026-02-15
171,7,14,3,2026-02-15
171,8,10,4,2026-02-15
172,1,7,4,2026-02-15
172,2,11,6,2026-02-15
172,3,12,7,2026-02-15
172,4,9,9,2026-02-15
172,5,10,7,2026-02-15
172,6,11,9,2026-02-15
172,7,13,3,2026-02-15
172,8,13,5,2026-02-15
173,1,8,8,2026-02-15
173,2,13,9,2026-02-15
173,3,12,8,2026-02-15
173,4,16,2,2026-02-15
173,5,14,3,2026-02-15
173,6,9,4,2026-02-15
173,7,14,2,2026-02-15
173,8,13,7,2026-02-15
174,1,10,3,2026-02-15
174,2,13,3,2026-02-15
174,3,14,9,2026-02-15
174,4,10,2,2026-02-15
174,5,11,6,2026-02-15
174,6,13,7,2026-02-15
174,7,15,9,2026-02-15
174,8,12,2,2026-02-15
175,1,9,4,2026-02-15
175,2,9,2,2026-02-15
175,3,10,3,2026-02-15
175,4,10,4,2026-02-15
175,5,8,3,2026-02-15
175,6,10,8,2026-02-15
175,7,16,5,2026-02-15
175,8,7,2,2026-02-15
176,1,13,5,2026-02-15
176,2,14,9,2026-02-15
176,3,6,5,2026-02-15
176,4,8,3,2026-02-15
176,5,12,4,2026-02-15
176,6,7,5,2026-02-15
176,7,16,5,2026-02-15
176,8,10,7,2026-02-15
177,1,9,5,2026-02-15
177,2,13,7,2026-02-15
177,3,8,5,2026-02-15
177,4,13,7,2026-02-15
177,5,10,9,2026-02-15
177,6,9,4,2026-02-15
177,7,9,3,2026-02-15
177,8,11,8,2026-02-15
178,1,9,6,2026-02-15
178,2,19,6,2026-02-15
178,3,9,5,2026-02-15
178,4,5,2,2026-02-15
178,5,10,3,2026-02-15
178,6,13,5,2026-02-15
178,7,8,3,2026-02-15
178,8,18,3,2026-02-15
179,1,6,2,2026-02-15
179,2,12,7,2026-02-15
179,3,12,6,2026-02-15
179,4,16,7,2026-02-15
179,5,6,4,2026-02-15
179,6,13,6,2026-02-15
179,7,17,8,2026-02-15
179,8,10,2,2026-02-15
180,1,14,8,2026-02-15
180,2,18,7,2026-02-15
180,3,12,3,2026-02-15
180,4,14,2,2026-02-15
180,5,15,8,2026-02-15
180,6,10,6,2026-02-15
180,7,16,5,2026-02-15
180,8,11,8,2026-02-15
181,1,18,5,2026-02-15
181,2,6,7,2026-02-15
181,3,9,4,2026-02-15
181,4,15,9,2026-02-15
181,5,8,4,2026-02-15
181,6,11,9,2026-02-15
181,7,13,4,2026-02-15
181,8,12,8,2026-02-15
182,1,15,6,2026-02-15
182,2,14,8,2026-02-15
182,3,11,9,2026-02-15
182,4,9,6,2026-02-15
182,5,13,8,2026-02-15
182,6,16,8,2026-02-15
182,7,5,6,2026-02-15
182,8,13,8,2026-02-15
183,1,12,2,2026-02-15
183,2,15,9,2026-02-15
183,3,13,5,2026-02-15
183,4,8,6,2026-02-15
183,5,9,7,2026-02-15
183,6,20,4,2026-02-15
183,7,11,2,2026-02-15
183,8,13,6,2026-02-15
184,1,10,5,2026-02-15
184,2,11,4,2026-02-15
184,3,18,4,2026-02-15
184,4,14,2,2026-02-15
184,5,14,2,2026-02-15
184,6,8,4,2026-02-15
184,7,10,2,2026-02-15
184,8,14,3,2026-02-15
185,1,7,6,2026-02-15
185,2,11,8,2026-02-15
185,3,13,8,2026-02-15
185,4,9,3,2026-02-15
185,5,7,4,2026-02-15
185,6,10,7,2026-02-15
185,7,16,6,2026-02-15
185,8,8,2,2026-02-15
186,1,13,2,2026-02-15
186,2,11,7,2026-02-15
186,3,12,5,2026-02-15
186,4,16,4,2026-02-15
186,5,8,3,2026-02-15
186,6,12,7,2026-02-15
186,7,12,2,2026-02-15
186,8,18,6,2026-02-15
187,1,17,6,2026-02-15
187,2,6,3,2026-02-15
187,3,15,2,2026-02-15
187,4,8,4,2026-02-15
187,5,16,9,2026-02-15
187,6,12,7,2026-02-15
187,7,9,7,2026-02-15
187,8,12,7,2026-02-15
188,1,16,5,2026-02-15
188,2,12,5,2026-02-15
188,3,10,2,2026-02-15
188,4,7,9,2026-02-15
188,5,6,9,2026-02-15
188,6,14,6,2026-02-15
188,7,14,6,2026-02-15
188,8,9,9,2026-02-15
189,1,15,5,2026-02-15
189,2,13,9,2026-02-15
189,3,11,6,2026-02-15
189,4,15,2,2026-02-15
189,5,6,8,2026-02-15
189,6,12,4,2026-02-15
189,7,15,3,2026-02-15
189,8,12,8,2026-02-15
190,1,12,9,2026-02-15
190,2,12,4,2026-02-15
190,3,18,3,2026-02-15
190,4,10,3,2026-02-15
190,5,15,9,2026-02-15
190,6,8,8,2026-02-15
190,7,9,4,2026-02-15
190,8,12,5,2026-02-15
191,1,10,4,2026-02-15
191,2,11,2,2026-02-15
191,3,12,2,2026-02-15
191,4,9,6,2026-02-15
191,5,9,8,2026-02-15
191,6,10,7,2026-02-15
191,7,18,6,2026-02-15
191,8,16,7,2026-02-15
192,1,11,6,2026-02-15
192,2,7,9,2026-02-15
192,3,9,9,2026-02-15
192,4,11,3,2026-02-15
192,5,12,9,2026-02-15
192,6,9,4,2026-02-15
192,7,9,4,2026-02-15
192,8,15,8,2026-02-15
193,1,7,4,2026-02-15
193,2,11,3,2026-02-15
193,3,8,5,2026-02-15
193,4,7,3,2026-02-15
193,5,12,3,2026-02-15
193,6,15,3,2026-02-15
193,7,14,8,2026-02-15
193,8,5,8,2026-02-15
194,1,9,8,2026-02-15
194,2,8,3,2026-02-15
194,3,5,2,2026-02-15
194,4,8,4,2026-02-15
194,5,10,8,2026-02-15
194,6,12,4,2026-02-15
194,7,17,3,2026-02-15
194,8,10,2,2026-02-15
195,1,12,7,2026-02-15
195,2,15,7,2026-02-15
195,3,9,9,2026-02-15
195,4,13,8,2026-02-15
195,5,8,5,2026-02-15
195,6,9,5,2026-02-15
195,7,12,5,2026-02-15
195,8,19,3,2026-02-15
196,1,10,9,2026-02-15
196,2,12,9,2026-02-15
196,3,7,9,2026-02-15
196,4,11,2,2026-02-15
196,5,15,9,2026-02-15
196,6,8,5,2026-02-15
196,7,4,7,2026-02-15
196,8,11,5,2026-02-15
197,1,8,9,2026-02-15
197,2,18,3,2026-02-15
197,3,14,4,2026-02-15
197,4,13,3,2026-02-15
197,5,10,3,2026-02-15
197,6,11,8,2026-02-15
197,7,18,7,2026-02-15
197,8,9,7,2026-02-15
198,1,12,3,2026-02-15
198,2,16,7,2026-02-15
198,3,16,5,2026-02-15
198,4,13,2,2026-02-15
198,5,14,3,2026-02-15
198,6,13,6,2026-02-15
198,7,13,7,2026-02-15
198,8,13,4,2026-02-15
199,1,11,9,2026-02-15
199,2,17,2,2026-02-15
199,3,6,8,2026-02-15
199,4,11,6,2026-02-15
199,5,10,7,2026-02-15
199,6,14,4,2026-02-15
199,7,14,4,2026-02-15
199,8,15,7,2026-02-15
200,1,12,3,2026-02-15
200,2,12,2,2026-02-15
200,3,17,7,2026-02-15
200,4,9,5,2026-02-15
200,5,8,3,2026-02-15
200,6,14,9,2026-02-15
200,7,14,5,2026-02-15
200,8,10,3,2026-02-15
201,1,14,4,2026-02-15
201,2,12,2,2026-02-15
201,3,9,7,2026-02-15
201,4,15,9,2026-02-15
201,5,14,5,2026-02-15
201,6,11,7,2026-02-15
201,7,11,3,2026-02-15
201,8,14,5,2026-02-15
202,1,15,3,2026-02-15
202,2,12,6,2026-02-15
202,3,10,2,2026-02-15
202,4,12,6,2026-02-15
202,5,13,5,2026-02-15
202,6,10,8,2026-02-15
202,7,13,9,2026-02-15
202,8,18,6,2026-02-15
203,1,14,6,2026-02-15
203,2,13,2,2026-02-15
203,3,13,8,2026-02-15
203,4,13,6,2026-02-15
203,5,11,5,2026-02-15
203,6,15,3,2026-02-15
203,7,11,4,2026-02-15
203,8,10,3,2026-02-15
204,1,11,7,2026-02-15
204,2,9,2,2026-02-15
204,3,14,9,2026-02-15
204,4,10,2,2026-02-15
204,5,15,5,2026-02-15
204,6,16,2,2026-02-15
204,7,10,9,2026-02-15
204,8,12,7,2026-02-15
205,1,13,6,2026-02-15
205,2,19,9,2026-02-15
205,3,12,8,2026-02-15
205,4,12,4,2026-02-15
205,5,14,3,2026-02-15
205,6,7,7,2026-02-15
205,7,14,5,2026-02-15
205,8,12,7,2026-02-15
206,1,13,3,2026-02-15
206,2,11,7,2026-02-15
206,3,13,6,2026-02-15
206,4,11,3,2026-02-15
206,5,12,6,2026-02-15
206,6,12,4,2026-02-15
206,7,19,9,2026-02-15
206,8,16,4,2026-02-15
207,1,12,5,2026-02-15
207,2,12,7,2026-02-15
207,3,13,9,2026-02-15
207,4,11,2,2026-02-15
207,5,9,8,2026-02-15
207,6,11,5,2026-02-15
207,7,11,8,2026-02-15
207,8,15,2,2026-02-15
208,1,10,6,2026-02-15
208,2,16,8,2026-02-15
208,3,9,3,2026-02-15
208,4,15,9,2026-02-15
208,5,13,8,2026-02-15
208,6,9,3,2026-02-15
208,7,17,5,2026-02-15
208,8,16,6,2026-02-15
209,1,16,4,2026-02-15
209,2,18,8,2026-02-15
209,3,12,3,2026-02-15
209,4,13,2,2026-02-15
209,5,13,7,2026-02-15
209,6,12,8,2026-02-15
209,7,14,3,2026-02-15
209,8,11,6,2026-02-15
210,1,12,4,2026-02-15
210,2,15,4,2026-02-15
210,3,12,5,2026-02-15
210,4,20,7,2026-02-15
210,5,13,7,2026-02-15
210,6,8,5,2026-02-15
210,7,7,8,2026-02-15
210,8,11,5,2026-02-15
211,1,11,2,2026-02-15
211,2,6,9,2026-02-15
211,3,5,9,2026-02-15
211,4,19,5,2026-02-15
211,5,12,2,2026-02-15
211,6,12,3,2026-02-15
211,7,9,7,2026-02-15
211,8,10,8,2026-02-15
212,1,12,8,2026-02-15
212,2,7,6,2026-02-15
212,3,17,6,2026-02-15
212,4,13,4,2026-02-15
212,5,12,3,2026-02-15
212,6,7,9,2026-02-15
212,7,15,4,2026-02-15
212,8,15,7,2026-02-15
213,1,14,2,2026-02-15
213,2,8,3,2026-02-15
213,3,8,7,2026-02-15
213,4,11,3,2026-02-15
213,5,10,5,2026-02-15
213,6,13,4,2026-02-15
213,7,16,6,2026-02-15
213,8,12,9,2026-02-15
214,1,11,6,2026-02-15
214,2,6,7,2026-02-15
214,3,9,7,2026-02-15
214,4,17,8,2026-02-15
214,5,9,7,2026-02-15
214,6,10,9,2026-02-15
214,7,13,8,2026-02-15
214,8,10,4,2026-02-15
215,1,13,4,2026-02-15
215,2,10,8,2026-02-15
215,3,10,5,2026-02-15
215,4,15,7,2026-02-15
215,5,10,5,2026-02-15
215,6,9,8,2026-02-15
215,7,13,6,2026-02-15
215,8,9,9,2026-02-15
216,1,15,6,2026-02-15
216,2,14,8,2026-02-15
216,3,10,4,2026-02-15
216,4,6,7,2026-02-15
216,5,11,9,2026-02-15
216,6,13,4,2026-02-15
216,7,10,3,2026-02-15
216,8,10,8,2026-02-15
217,1,11,2,2026-02-15
217,2,18,5,2026-02-15
217,3,9,2,2026-02-15
217,4,9,5,2026-02-15
217,5,7,7,2026-02-15
217,6,6,8,2026-02-15
217,7,12,4,2026-02-15
217,8,11,3,2026-02-15
218,1,15,6,2026-02-15
218,2,12,2,2026-02-15
218,3,11,6,2026-02-15
218,4,19,4,2026-02-15
218,5,15,8,2026-02-15
218,6,14,8,2026-02-15
218,7,7,8,2026-02-15
218,8,6,2,2026-02-15
219,1,8,3,2026-02-15
219,2,10,7,2026-02-15
219,3,12,5,2026-02-15
219,4,10,5,2026-02-15
219,5,15,5,2026-02-15
219,6,11,3,2026-02-15
219,7,13,2,2026-02-15
219,8,12,5,2026-02-15
220,1,9,8,2026-02-15
220,2,16,6,2026-02-15
220,3,10,6,2026-02-15
220,4,10,2,2026-02-15
220,5,8,3,2026-02-15
220,6,5,3,2026-02-15
220,7,10,9,2026-02-15
220,8,15,3,2026-02-15
221,1,16,3,2026-02-15
221,2,15,2,2026-02-15
221,3,12,5,2026-02-15
221,4,18,2,2026-02-15
221,5,18,7,2026-02-15
221,6,9,3,2026-02-15
221,7,12,2,2026-02-15
221,8,11,6,2026-02-15
222,1,11,3,2026-02-15
222,2,17,8,2026-02-15
222,3,7,4,2026-02-15
222,4,8,3,2026-02-15
222,5,12,8,2026-02-15
222,6,11,6,2026-02-15
222,7,11,8,2026-02-15
222,8,18,6,2026-02-15
223,1,13,6,2026-02-15
223,2,13,9,2026-02-15
223,3,13,9,2026-02-15
223,4,6,8,2026-02-15
223,5,14,3,2026-02-15
223,6,12,6,2026-02-15
223,7,10,4,2026-02-15
223,8,11,9,2026-02-15
224,1,12,6,2026-02-15
224,2,15,8,2026-02-15
224,3,12,8,2026-02-15
224,4,18,6,2026-02-15
224,5,16,4,2026-02-15
224,6,12,3,2026-02-15
224,7,12,9,2026-02-15
224,8,11,4,2026-02-15
225,1,16,4,2026-02-15
225,2,9,2,2026-02-15
225,3,9,2,2026-02-15
225,4,12,6,2026-02-15
225,5,14,5,2026-02-15
225,6,11,9,2026-02-15
225,7,7,9,2026-02-15
225,8,4,5,2026-02-15
226,1,17,6,2026-02-15
226,2,11,6,2026-02-15
226,3,14,3,2026-02-15
226,4,12,6,2026-02-15
226,5,11,6,2026-02-15
226,6,14,9,2026-02-15
226,7,10,7,2026-02-15
226,8,9,9,2026-02-15
227,1,15,4,2026-02-15
227,2,11,5,2026-02-15
227,3,17,4,2026-02-15
227,4,14,4,2026-02-15
227,5,12,7,2026-02-15
227,6,20,8,2026-02-15
227,7,11,7,2026-02-15
227,8,10,8,2026-02-15
228,1,7,9,2026-02-15
228,2,5,7,2026-02-15
228,3,10,7,2026-02-15
228,4,10,2,2026-02-15
228,5,15,6,2026-02-15
228,6,19,7,2026-02-15
228,7,14,5,2026-02-15
228,8,13,4,2026-02-15
229,1,9,4,2026-02-15
229,2,10,4,2026-02-15
229,3,16,7,2026-02-15
229,4,9,3,2026-02-15
229,5,8,8,2026-02-15
229,6,12,2,2026-02-15
229,7,17,9,2026-02-15
229,8,15,2,2026-02-15
230,1,10,6,2026-02-15
230,2,13,4,2026-02-15
230,3,15,9,2026-02-15
230,4,8,3,2026-02-15
230,5,9,6,2026-02-15
230,6,11,3,2026-02-15
230,7,16,6,2026-02-15
230,8,11,7,2026-02-15
231,1,18,4,2026-02-15
231,2,14,2,2026-02-15
231,3,7,6,2026-02-15
231,4,12,3,2026-02-15
231,5,17,7,2026-02-15
231,6,19,5,2026-02-15
231,7,11,8,2026-02-15
231,8,13,3,2026-02-15
232,1,12,8,2026-02-15
232,2,13,3,2026-02-15
232,3,15,8,2026-02-15
232,4,13,2,2026-02-15
232,5,11,3,2026-02-15
232,6,14,9,2026-02-15
232,7,12,3,2026-02-15
232,8,6,5,2026-02-15
233,1,15,8,2026-02-15
233,2,10,7,2026-02-15
233,3,16,8,2026-02-15
233,4,17,6,2026-02-15
233,5,8,8,2026-02-15
233,6,17,7,2026-02-15
233,7,9,4,2026-02-15
233,8,8,9,2026-02-15
234,1,10,8,2026-02-15
234,2,14,8,2026-02-15
234,3,15,7,2026-02-15
234,4,17,7,2026-02-15
234,5,15,2,2026-02-15
234,6,10,7,2026-02-15
234,7,12,7,2026-02-15
234,8,13,6,2026-02-15
235,1,15,6,2026-02-15
235,2,15,9,2026-02-15
235,3,13,9,2026-02-15
235,4,9,2,2026-02-15
235,5,10,5,2026-02-15
235,6,12,5,2026-02-15
235,7,10,7,2026-02-15
235,8,11,8,2026-02-15
236,1,11,6,2026-02-15
236,2,16,5,2026-02-15
236,3,16,6,2026-02-15
236,4,15,3,2026-02-15
236,5,11,6,2026-02-15
236,6,9,6,2026-02-15
236,7,10,2,2026-02-15
236,8,18,2,2026-02-15
237,1,8,9,2026-02-15
237,2,13,7,2026-02-15
237,3,17,6,2026-02-15
237,4,19,3,2026-02-15
237,5,17,2,2026-02-15
237,6,19,8,2026-02-15
237,7,11,5,2026-02-15
237,8,15,2,2026-02-15
238,1,17,7,2026-02-15
238,2,8,4,2026-02-15
238,3,7,8,2026-02-15
238,4,9,6,2026-02-15
238,5,22,6,2026-02-15
238,6,16,7,2026-02-15
238,7,10,2,2026-02-15
238,8,11,2,2026-02-15
239,1,17,2,2026-02-15
239,2,13,3,2026-02-15
239,3,15,5,2026-02-15
239,4,12,7,2026-02-15
239,5,5,8,2026-02-15
239,6,8,6,2026-02-15
239,7,11,7,2026-02-15
239,8,17,7,2026-02-15
240,1,15,2,2026-02-15
240,2,14,9,2026-02-15
240,3,15,4,2026-02-15
240,4,11,8,2026-02-15
240,5,17,9,2026-02-15
240,6,13,9,2026-02-15
240,7,6,6,2026-02-15
240,8,13,3,2026-02-15
241,1,7,6,2026-02-15
241,2,9,2,2026-02-15
241,3,13,9,2026-02-15
241,4,6,2,2026-02-15
241,5,13,4,2026-02-15
241,6,8,6,2026-02-15
241,7,13,6,2026-02-15
241,8,17,5,2026-02-15
242,1,9,3,2026-02-15
242,2,15,7,2026-02-15
242,3,11,4,2026-02-15
242,4,10,6,2026-02-15
242,5,7,2,2026-02-15
242,6,9,2,2026-02-15
242,7,11,4,2026-02-15
242,8,8,3,2026-02-15
243,1,9,8,2026-02-15
243,2,9,6,2026-02-15
243,3,5,6,2026-02-15
243,4,9,4,2026-02-15
243,5,8,7,2026-02-15
243,6,14,6,2026-02-15
243,7,7,7,2026-02-15
243,8,12,4,2026-02-15
244,1,13,4,2026-02-15
244,2,12,3,2026-02-15
244,3,6,2,2026-02-15
244,4,19,3,2026-02-15
244,5,9,5,2026-02-15
244,6,12,2,2026-02-15
244,7,14,2,2026-02-15
244,8,13,9,2026-02-15
245,1,14,9,2026-02-15
245,2,7,2,2026-02-15
245,3,9,7,2026-02-15
245,4,11,2,2026-02-15
245,5,14,7,2026-02-15
245,6,14,2,2026-02-15
245,7,17,7,2026-02-15
245,8,11,6,2026-02-15
246,1,8,7,2026-02-15
246,2,9,4,2026-02-15
246,3,7,4,2026-02-15
246,4,9,8,2026-02-15
246,5,8,7,2026-02-15
246,6,10,5,2026-02-15
246,7,12,2,2026-02-15
246,8,13,8,2026-02-15
247,1,10,4,2026-02-15
247,2,12,5,2026-02-15
247,3,10,9,2026-02-15
247,4,14,6,2026-02-15
247,5,8,5,2026-02-15
247,6,12,2,2026-02-15
247,7,15,3,2026-02-15
247,8,14,4,2026-02-15
248,1,8,4,2026-02-15
248,2,9,2,2026-02-15
248,3,15,3,2026-02-15
248,4,13,4,2026-02-15
248,5,11,4,2026-02-15
248,6,13,6,2026-02-15
248,7,16,4,2026-02-15
248,8,11,6,2026-02-15
249,1,10,8,2026-02-15
249,2,17,7,2026-02-15
249,3,8,6,2026-02-15
249,4,11,3,2026-02-15
249,5,14,6,2026-02-15
249,6,11,2,2026-02-15
249,7,16,8,2026-02-15
249,8,13,9,2026-02-15
250,1,13,2,2026-02-15
250,2,9,5,2026-02-15
250,3,9,3,2026-02-15
250,4,19,7,2026-02-15
250,5,17,9,2026-02-15
250,6,13,5,2026-02-15
250,7,12,2,2026-02-15
250,8,5,2,2026-02-15
251,1,18,3,2026-02-15
251,2,13,6,2026-02-15
251,3,11,6,2026-02-15
251,4,7,4,2026-02-15
251,5,11,6,2026-02-15
251,6,15,3,2026-02-15
251,7,16,2,2026-02-15
251,8,9,4,2026-02-15
252,1,7,9,2026-02-15
252,2,14,8,2026-02-15
252,3,9,4,2026-02-15
252,4,12,3,2026-02-15
252,5,16,6,2026-02-15
252,6,7,8,2026-02-15
252,7,11,9,2026-02-15
252,8,12,3,2026-02-15
253,1,10,5,2026-02-15
253,2,13,9,2026-02-15
253,3,13,4,2026-02-15
253,4,11,2,2026-02-15
253,5,14,6,2026-02-15
253,6,11,4,2026-02-15
253,7,13,2,2026-02-15
253,8,17,4,2026-02-15
254,1,16,3,2026-02-15
254,2,14,6,2026-02-15
254,3,10,6,2026-02-15
254,4,14,9,2026-02-15
254,5,13,9,2026-02-15
254,6,17,4,2026-02-15
254,7,21,9,2026-02-15
254,8,13,4,2026-02-15
255,1,10,9,2026-02-15
255,2,17,3,2026-02-15
255,3,7,6,2026-02-15
255,4,13,4,2026-02-15
255,5,18,6,2026-02-15
255,6,5,2,2026-02-15
255,7,23,8,2026-02-15
255,8,9,9,2026-02-15
256,1,13,2,2026-02-15
256,2,10,9,2026-02-15
256,3,13,2,2026-02-15
256,4,14,4,2026-02-15
256,5,16,8,2026-02-15
256,6,15,2,2026-02-15
256,7,14,6,2026-02-15
256,8,10,6,2026-02-15
257,1,19,6,2026-02-15
257,2,6,4,2026-02-15
257,3,8,8,2026-02-15
257,4,12,8,2026-02-15
257,5,9,5,2026-02-15
257,6,10,3,2026-02-15
257,7,15,4,2026-02-15
257,8,14,3,2026-02-15
258,1,17,6,2026-02-15
258,2,13,5,2026-02-15
258,3,15,7,2026-02-15
258,4,15,8,2026-02-15
258,5,6,8,2026-02-15
258,6,9,9,2026-02-15
258,7,5,7,2026-02-15
258,8,18,6,2026-02-15
259,1,5,2,2026-02-15
259,2,17,9,2026-02-15
259,3,11,4,2026-02-15
259,4,12,5,2026-02-15
259,5,21,3,2026-02-15
259,6,6,6,2026-02-15
259,7,12,9,2026-02-15
259,8,6,6,2026-02-15
260,1,11,6,2026-02-15
260,2,10,2,2026-02-15
260,3,11,8,2026-02-15
260,4,11,6,2026-02-15
260,5,13,9,2026-02-15
260,6,13,8,2026-02-15
260,7,14,7,2026-02-15
260,8,14,9,2026-02-15
261,1,18,3,2026-02-15
261,2,10,4,2026-02-15
261,3,11,7,2026-02-15
261,4,12,7,2026-02-15
261,5,12,4,2026-02-15
261,6,12,5,2026-02-15
261,7,9,7,2026-02-15
261,8,8,7,2026-02-15
262,1,9,6,2026-02-15
262,2,7,5,2026-02-15
262,3,9,4,2026-02-15
262,4,5,2,2026-02-15
262,5,12,4,2026-02-15
262,6,17,9,2026-02-15
262,7,20,8,2026-02-15
262,8,14,7,2026-02-15
263,1,18,5,2026-02-15
263,2,13,9,2026-02-15
263,3,14,7,2026-02-15
263,4,14,7,2026-02-15
263,5,11,6,2026-02-15
263,6,5,8,2026-02-15
263,7,16,7,2026-02-15
263,8,12,5,2026-02-15
264,1,7,8,2026-02-15
264,2,15,4,2026-02-15
264,3,7,8,2026-02-15
264,4,9,4,2026-02-15
264,5,11,3,2026-02-15
264,6,8,8,2026-02-15
264,7,10,9,2026-02-15
264,8,17,7,2026-02-15
265,1,9,7,2026-02-15
265,2,5,2,2026-02-15
265,3,12,6,2026-02-15
265,4,16,4,2026-02-15
265,5,19,7,2026-02-15
265,6,8,8,2026-02-15
265,7,6,4,2026-02-15
265,8,16,2,2026-02-15
266,1,11,4,2026-02-15
266,2,13,8,2026-02-15
266,3,15,2,2026-02-15
266,4,15,8,2026-02-15
266,5,15,4,2026-02-15
266,6,12,2,2026-02-15
266,7,13,3,2026-02-15
266,8,7,5,2026-02-15
267,1,7,8,2026-02-15
267,2,8,4,2026-02-15
267,3,10,3,2026-02-15
267,4,16,2,2026-02-15
267,5,7,6,2026-02-15
267,6,10,8,2026-02-15
267,7,13,2,2026-02-15
267,8,8,5,2026-02-15
268,1,15,3,2026-02-15
268,2,20,8,2026-02-15
268,3,14,7,2026-02-15
268,4,12,5,2026-02-15
268,5,15,9,2026-02-15
268,6,7,6,2026-02-15
268,7,7,7,2026-02-15
268,8,13,4,2026-02-15
269,1,10,2,2026-02-15
269,2,14,8,2026-02-15
269,3,13,4,2026-02-15
269,4,9,3,2026-02-15
269,5,10,6,2026-02-15
269,6,14,5,2026-02-15
269,7,13,3,2026-02-15
269,8,9,5,2026-02-15
270,1,10,2,2026-02-15
270,2,14,6,2026-02-15
270,3,11,5,2026-02-15
270,4,9,4,2026-02-15
270,5,16,5,2026-02-15
270,6,14,3,2026-02-15
270,7,15,5,2026-02-15
270,8,17,4,2026-02-15
271,1,10,2,2026-02-15
271,2,9,6,2026-02-15
271,3,16,5,2026-02-15
271,4,13,6,2026-02-15
271,5,15,7,2026-02-15
271,6,11,8,2026-02-15
271,7,9,5,2026-02-15
271,8,7,2,2026-02-15
272,1,14,4,2026-02-15
272,2,10,2,2026-02-15
272,3,10,5,2026-02-15
272,4,10,3,2026-02-15
272,5,9,2,2026-02-15
272,6,16,3,2026-02-15
272,7,14,3,2026-02-15
272,8,12,2,2026-02-15
273,1,15,2,2026-02-15
273,2,14,2,2026-02-15
273,3,11,9,2026-02-15
273,4,11,7,2026-02-15
273,5,7,4,2026-02-15
273,6,6,7,2026-02-15
273,7,7,3,2026-02-15
273,8,13,3,2026-02-15
274,1,8,3,2026-02-15
274,2,12,4,2026-02-15
274,3,10,2,2026-02-15
274,4,9,2,2026-02-15
274,5,7,2,2026-02-15
274,6,16,2,2026-02-15
274,7,13,7,2026-02-15
274,8,11,6,2026-02-15
275,1,10,6,2026-02-15
275,2,12,3,2026-02-15
275,3,11,3,2026-02-15
275,4,11,3,2026-02-15
275,5,7,4,2026-02-15
275,6,10,4,2026-02-15
275,7,14,4,2026-02-15
275,8,19,5,2026-02-15
276,1,12,7,2026-02-15
276,2,11,6,2026-02-15
276,3,12,2,2026-02-15
276,4,12,8,2026-02-15
276,5,13,3,2026-02-15
276,6,12,5,2026-02-15
276,7,8,9,2026-02-15
276,8,6,2,2026-02-15
277,1,12,6,2026-02-15
277,2,12,5,2026-02-15
277,3,7,7,2026-02-15
277,4,10,6,2026-02-15
277,5,14,9,2026-02-15
277,6,8,3,2026-02-15
277,7,7,3,2026-02-15
277,8,9,8,2026-02-15
278,1,12,9,2026-02-15
278,2,8,6,2026-02-15
278,3,17,9,2026-02-15
278,4,12,3,2026-02-15
278,5,18,3,2026-02-15
278,6,7,2,2026-02-15
278,7,8,4,2026-02-15
278,8,7,7,2026-02-15
279,1,12,9,2026-02-15
279,2,7,4,2026-02-15
279,3,18,7,2026-02-15
279,4,8,3,2026-02-15
279,5,14,7,2026-02-15
279,6,10,6,2026-02-15
279,7,14,4,2026-02-15
279,8,25,5,2026-02-15
280,1,7,8,2026-02-15
280,2,13,9,2026-02-15
280,3,12,5,2026-02-15
280,4,10,8,2026-02-15
280,5,12,6,2026-02-15
280,6,12,4,2026-02-15
280,7,13,9,2026-02-15
280,8,10,4,2026-02-15
281,1,11,5,2026-02-15
281,2,6,6,2026-02-15
281,3,20,3,2026-02-15
281,4,9,8,2026-02-15
281,5,7,7,2026-02-15
281,6,8,8,2026-02-15
281,7,15,4,2026-02-15
281,8,9,3,2026-02-15
282,1,11,3,2026-02-15
282,2,16,8,2026-02-15
282,3,8,2,2026-02-15
282,4,11,4,2026-02-15
282,5,14,6,2026-02-15
282,6,16,7,2026-02-15
282,7,8,6,2026-02-15
282,8,11,8,2026-02-15
283,1,10,2,2026-02-15
283,2,12,4,2026-02-15
283,3,8,9,2026-02-15
283,4,12,7,2026-02-15
283,5,10,6,2026-02-15
283,6,4,9,2026-02-15
283,7,16,9,2026-02-15
283,8,11,3,2026-02-15
284,1,16,4,2026-02-15
284,2,8,7,2026-02-15
284,3,13,3,2026-02-15
284,4,11,4,2026-02-15
284,5,12,4,2026-02-15
284,6,12,4,2026-02-15
284,7,13,5,2026-02-15
284,8,10,4,2026-02-15
285,1,20,9,2026-02-15
285,2,20,2,2026-02-15
285,3,10,9,2026-02-15
285,4,20,3,2026-02-15
285,5,10,7,2026-02-15
285,6,12,2,2026-02-15
285,7,10,2,2026-02-15
285,8,8,7,2026-02-15
286,1,11,9,2026-02-15
286,2,10,8,2026-02-15
286,3,14,2,2026-02-15
286,4,9,9,2026-02-15
286,5,14,8,2026-02-15
286,6,9,2,2026-02-15
286,7,12,5,2026-02-15
286,8,14,9,2026-02-15
287,1,10,3,2026-02-15
287,2,14,8,2026-02-15
287,3,9,6,2026-02-15
287,4,17,8,2026-02-15
287,5,7,8,2026-02-15
287,6,10,2,2026-02-15
287,7,14,7,2026-02-15
287,8,14,8,2026-02-15
288,1,11,5,2026-02-15
288,2,14,8,2026-02-15
288,3,15,3,2026-02-15
288,4,7,6,2026-02-15
288,5,17,3,2026-02-15
288,6,8,5,2026-02-15
288,7,12,9,2026-02-15
288,8,23,4,2026-02-15
289,1,15,5,2026-02-15
289,2,18,6,2026-02-15
289,3,17,8,2026-02-15
289,4,14,9,2026-02-15
289,5,11,4,2026-02-15
289,6,11,4,2026-02-15
289,7,12,6,2026-02-15
289,8,11,9,2026-02-15
290,1,14,6,2026-02-15
290,2,14,8,2026-02-15
290,3,6,4,2026-02-15
290,4,15,8,2026-02-15
290,5,8,6,2026-02-15
290,6,12,9,2026-02-15
290,7,16,9,2026-02-15
290,8,14,7,2026-02-15
291,1,16,9,2026-02-15
291,2,18,7,2026-02-15
291,3,5,3,2026-02-15
291,4,14,8,2026-02-15
291,5,10,2,2026-02-15
291,6,12,3,2026-02-15
291,7,12,8,2026-02-15
291,8,9,7,2026-02-15
292,1,8,7,2026-02-15
292,2,16,4,2026-02-15
292,3,10,2,2026-02-15
292,4,5,4,2026-02-15
292,5,10,8,2026-02-15
292,6,12,8,2026-02-15
292,7,12,5,2026-02-15
292,8,17,4,2026-02-15
293,1,18,2,2026-02-15
293,2,12,3,2026-02-15
293,3,12,7,2026-02-15
293,4,8,9,2026-02-15
293,5,13,9,2026-02-15
293,6,13,8,2026-02-15
293,7,10,3,2026-02-15
293,8,7,9,2026-02-15
294,1,12,6,2026-02-15
294,2,12,5,2026-02-15
294,3,10,9,2026-02-15
294,4,14,7,2026-02-15
294,5,17,6,2026-02-15
294,6,10,4,2026-02-15
294,7,19,4,2026-02-15
294,8,13,6,2026-02-15
295,1,11,2,2026-02-15
295,2,12,6,2026-02-15
295,3,18,3,2026-02-15
295,4,9,4,2026-02-15
295,5,21,3,2026-02-15
295,6,11,9,2026-02-15
295,7,17,3,2026-02-15
295,8,17,7,2026-02-15
296,1,14,4,2026-02-15
296,2,19,5,2026-02-15
296,3,12,8,2026-02-15
296,4,10,5,2026-02-15
296,5,8,8,2026-02-15
296,6,8,7,2026-02-15
296,7,14,7,2026-02-15
296,8,6,3,2026-02-15
297,1,12,2,2026-02-15
297,2,9,3,2026-02-15
297,3,11,2,2026-02-15
297,4,16,2,2026-02-15
297,5,14,6,2026-02-15
297,6,15,7,2026-02-15
297,7,9,5,2026-02-15
297,8,10,6,2026-02-15
298,1,5,5,2026-02-15
298,2,17,2,2026-02-15
298,3,14,5,2026-02-15
298,4,11,5,2026-02-15
298,5,13,9,2026-02-15
298,6,10,6,2026-02-15
298,7,8,9,2026-02-15
298,8,11,8,2026-02-15
299,1,12,4,2026-02-15
299,2,6,5,2026-02-15
299,3,8,8,2026-02-15
299,4,5,9,2026-02-15
299,5,13,6,2026-02-15
299,6,7,3,2026-02-15
299,7,15,2,2026-02-15
299,8,16,9,2026-02-15
300,1,15,8,2026-02-15
300,2,12,3,2026-02-15
300,3,13,6,2026-02-15
300,4,7,2,2026-02-15
300,5,17,4,2026-02-15
300,6,13,8,2026-02-15
300,7,14,6,2026-02-15
300,8,9,5,2026-02-15
301,1,10,5,2026-02-15
301,2,10,4,2026-02-15
301,3,11,3,2026-02-15
301,4,14,9,2026-02-15
301,5,12,9,2026-02-15
301,6,11,3,2026-02-15
301,7,12,3,2026-02-15
301,8,12,9,2026-02-15
302,1,10,7,2026-02-15
302,2,11,9,2026-02-15
302,3,8,8,2026-02-15
302,4,11,7,2026-02-15
302,5,13,5,2026-02-15
302,6,13,9,2026-02-15
302,7,12,9,2026-02-15
302,8,10,6,2026-02-15
303,1,12,6,2026-02-15
303,2,10,4,2026-02-15
303,3,14,6,2026-02-15
303,4,16,2,2026-02-15
303,5,6,6,2026-02-15
303,6,18,2,2026-02-15
303,7,14,2,2026-02-15
303,8,12,2,2026-02-15
304,1,18,9,2026-02-15
304,2,9,5,2026-02-15
304,3,7,4,2026-02-15
304,4,13,7,2026-02-15
304,5,16,5,2026-02-15
304,6,14,4,2026-02-15
304,7,14,3,2026-02-15
304,8,7,3,2026-02-15
305,1,18,7,2026-02-15
305,2,13,2,2026-02-15
305,3,18,5,2026-02-15
305,4,14,5,2026-02-15
305,5,11,9,2026-02-15
305,6,10,8,2026-02-15
305,7,12,3,2026-02-15
305,8,15,4,2026-02-15
306,1,7,3,2026-02-15
306,2,14,7,2026-02-15
306,3,15,7,2026-02-15
306,4,12,9,2026-02-15
306,5,13,5,2026-02-15
306,6,12,6,2026-02-15
306,7,14,4,2026-02-15
306,8,13,7,2026-02-15
307,1,16,4,2026-02-15
307,2,11,3,2026-02-15
307,3,7,3,2026-02-15
307,4,13,6,2026-02-15
307,5,14,5,2026-02-15
307,6,12,4,2026-02-15
307,7,10,6,2026-02-15
307,8,16,8,2026-02-15
308,1,9,8,2026-02-15
308,2,10,3,2026-02-15
308,3,13,3,2026-02-15
308,4,16,8,2026-02-15
308,5,13,6,2026-02-15
308,6,13,6,2026-02-15
308,7,12,7,2026-02-15
308,8,5,6,2026-02-15
309,1,13,6,2026-02-15
309,2,11,5,2026-02-15
309,3,13,9,2026-02-15
309,4,10,2,2026-02-15
309,5,15,8,2026-02-15
309,6,11,3,2026-02-15
309,7,12,6,2026-02-15
309,8,9,8,2026-02-15
310,1,13,6,2026-02-15
310,2,18,6,2026-02-15
310,3,13,2,2026-02-15
310,4,13,8,2026-02-15
310,5,11,2,2026-02-15
310,6,9,4,2026-02-15
310,7,13,4,2026-02-15
310,8,14,4,2026-02-15
311,1,7,4,2026-02-15
311,2,12,5,2026-02-15
311,3,15,9,2026-02-15
311,4,11,3,2026-02-15
311,5,9,6,2026-02-15
311,6,11,9,2026-02-15
311,7,13,5,2026-02-15
311,8,9,9,2026-02-15
312,1,11,9,2026-02-15
312,2,11,3,2026-02-15
312,3,12,3,2026-02-15
312,4,12,8,2026-02-15
312,5,14,4,2026-02-15
312,6,15,9,2026-02-15
312,7,10,2,2026-02-15
312,8,15,7,2026-02-15
313,1,14,8,2026-02-15
313,2,14,8,2026-02-15
313,3,15,6,2026-02-15
313,4,7,6,2026-02-15
313,5,15,9,2026-02-15
313,6,11,7,2026-02-15
313,7,13,6,2026-02-15
313,8,17,4,2026-02-15
314,1,16,3,2026-02-15
314,2,13,4,2026-02-15
314,3,7,9,2026-02-15
314,4,10,2,2026-02-15
314,5,11,5,2026-02-15
314,6,19,8,2026-02-15
314,7,9,4,2026-02-15
314,8,12,4,2026-02-15
315,1,13,8,2026-02-15
315,2,17,2,2026-02-15
315,3,17,9,2026-02-15
315,4,13,5,2026-02-15
315,5,9,5,2026-02-15
315,6,12,7,2026-02-15
315,7,13,8,2026-02-15
315,8,10,3,2026-02-15
316,1,19,3,2026-02-15
316,2,21,9,2026-02-15
316,3,13,7,2026-02-15
316,4,11,3,2026-02-15
316,5,15,3,2026-02-15
316,6,7,6,2026-02-15
316,7,10,8,2026-02-15
316,8,13,6,2026-02-15
317,1,13,7,2026-02-15
317,2,15,5,2026-02-15
317,3,12,4,2026-02-15
317,4,8,6,2026-02-15
317,5,9,9,2026-02-15
317,6,9,3,2026-02-15
317,7,8,3,2026-02-15
317,8,14,7,2026-02-15
318,1,16,8,2026-02-15
318,2,16,5,2026-02-15
318,3,12,7,2026-02-15
318,4,11,9,2026-02-15
318,5,12,7,2026-02-15
318,6,12,4,2026-02-15
318,7,11,3,2026-02-15
318,8,19,4,2026-02-15
319,1,13,7,2026-02-15
319,2,12,9,2026-02-15
319,3,15,3,2026-02-15
319,4,13,9,2026-02-15
319,5,16,4,2026-02-15
319,6,11,5,2026-02-15
319,7,9,4,2026-02-15
319,8,11,4,2026-02-15
320,1,8,9,2026-02-15
320,2,12,9,2026-02-15
320,3,12,7,2026-02-15
320,4,18,7,2026-02-15
320,5,9,4,2026-02-15
320,6,9,8,2026-02-15
320,7,15,7,2026-02-15
320,8,8,7,2026-02-15
321,1,9,4,2026-02-15
321,2,14,9,2026-02-15
321,3,10,9,2026-02-15
321,4,12,8,2026-02-15
321,5,17,6,2026-02-15
321,6,14,3,2026-02-15
321,7,16,5,2026-02-15
321,8,16,5,2026-02-15
322,1,12,9,2026-02-15
322,2,19,6,2026-02-15
322,3,6,2,2026-02-15
322,4,12,9,2026-02-15
322,5,5,9,2026-02-15
322,6,9,2,2026-02-15
322,7,11,6,2026-02-15
322,8,10,2,2026-02-15
323,1,17,4,2026-02-15
323,2,15,4,2026-02-15
323,3,10,4,2026-02-15
323,4,17,3,2026-02-15
323,5,12,9,2026-02-15
323,6,15,7,2026-02-15
323,7,17,8,2026-02-15
323,8,15,6,2026-02-15
324,1,7,6,2026-02-15
324,2,10,5,2026-02-15
324,3,12,9,2026-02-15
324,4,16,9,2026-02-15
324,5,11,9,2026-02-15
324,6,17,5,2026-02-15
324,7,14,4,2026-02-15
324,8,14,4,2026-02-15
325,1,12,9,2026-02-15
325,2,10,8,2026-02-15
325,3,16,3,2026-02-15
325,4,13,9,2026-02-15
325,5,16,5,2026-02-15
325,6,6,4,2026-02-15
325,7,5,4,2026-02-15
325,8,10,2,2026-02-15
326,1,13,8,2026-02-15
326,2,18,3,2026-02-15
326,3,10,7,2026-02-15
326,4,14,2,2026-02-15
326,5,15,5,2026-02-15
326,6,12,3,2026-02-15
326,7,10,8,2026-02-15
326,8,12,2,2026-02-15
327,1,5,8,2026-02-15
327,2,12,4,2026-02-15
327,3,15,7,2026-02-15
327,4,12,2,2026-02-15
327,5,13,6,2026-02-15
327,6,16,2,2026-02-15
327,7,9,5,2026-02-15
327,8,9,9,2026-02-15
328,1,11,8,2026-02-15
328,2,9,5,2026-02-15
328,3,13,7,2026-02-15
328,4,10,9,2026-02-15
328,5,10,9,2026-02-15
328,6,16,2,2026-02-15
328,7,16,2,2026-02-15
328,8,10,6,2026-02-15
329,1,11,3,2026-02-15
329,2,12,7,2026-02-15
329,3,14,2,2026-02-15
329,4,9,9,2026-02-15
329,5,13,2,2026-02-15
329,6,10,8,2026-02-15
329,7,14,2,2026-02-15
329,8,13,8,2026-02-15
330,1,11,5,2026-02-15
330,2,12,6,2026-02-15
330,3,13,7,2026-02-15
330,4,9,3,2026-02-15
330,5,8,2,2026-02-15
330,6,10,8,2026-02-15
330,7,20,3,2026-02-15
330,8,14,4,2026-02-15
331,1,9,3,2026-02-15
331,2,12,3,2026-02-15
331,3,16,3,2026-02-15
331,4,12,5,2026-02-15
331,5,8,3,2026-02-15
331,6,10,9,2026-02-15
331,7,14,9,2026-02-15
331,8,13,9,2026-02-15
332,1,10,7,2026-02-15
332,2,10,8,2026-02-15
332,3,11,5,2026-02-15
332,4,20,4,2026-02-15
332,5,10,7,2026-02-15
332,6,13,3,2026-02-15
332,7,9,3,2026-02-15
332,8,13,9,2026-02-15
333,1,13,7,2026-02-15
333,2,11,2,2026-02-15
333,3,11,2,2026-02-15
333,4,16,4,2026-02-15
333,5,8,5,2026-02-15
333,6,11,3,2026-02-15
333,7,8,4,2026-02-15
333,8,9,7,2026-02-15
334,1,10,6,2026-02-15
334,2,19,9,2026-02-15
334,3,12,9,2026-02-15
334,4,15,9,2026-02-15
334,5,9,7,2026-02-15
334,6,9,3,2026-02-15
334,7,5,4,2026-02-15
334,8,11,8,2026-02-15
335,1,15,8,2026-02-15
335,2,14,3,2026-02-15
335,3,8,6,2026-02-15
335,4,16,7,2026-02-15
335,5,11,4,2026-02-15
335,6,11,4,2026-02-15
335,7,13,9,2026-02-15
335,8,17,6,2026-02-15
336,1,14,6,2026-02-15
336,2,10,4,2026-02-15
336,3,18,9,2026-02-15
336,4,12,5,2026-02-15
336,5,12,8,2026-02-15
336,6,15,8,2026-02-15
336,7,10,2,2026-02-15
336,8,8,3,2026-02-15
337,1,11,8,2026-02-15
337,2,13,6,2026-02-15
337,3,11,4,2026-02-15
337,4,15,4,2026-02-15
337,5,13,4,2026-02-15
337,6,11,6,2026-02-15
337,7,14,5,2026-02-15
337,8,10,2,2026-02-15
338,1,12,8,2026-02-15
338,2,11,2,2026-02-15
338,3,7,8,2026-02-15
338,4,16,4,2026-02-15
338,5,17,4,2026-02-15
338,6,12,2,2026-02-15
338,7,8,9,2026-02-15
338,8,15,7,2026-02-15
339,1,16,7,2026-02-15
339,2,9,6,2026-02-15
339,3,12,4,2026-02-15
339,4,9,4,2026-02-15
339,5,15,3,2026-02-15
339,6,14,7,2026-02-15
339,7,8,9,2026-02-15
339,8,9,5,2026-02-15
340,1,11,8,2026-02-15
340,2,12,7,2026-02-15
340,3,11,4,2026-02-15
340,4,13,5,2026-02-15
340,5,11,6,2026-02-15
340,6,9,7,2026-02-15
340,7,14,2,2026-02-15
340,8,18,5,2026-02-15
341,1,10,4,2026-02-15
341,2,9,3,2026-02-15
341,3,6,2,2026-02-15
341,4,19,4,2026-02-15
341,5,16,6,2026-02-15
341,6,15,2,2026-02-15
341,7,8,8,2026-02-15
341,8,12,8,2026-02-15
342,1,4,2,2026-02-15
342,2,6,9,2026-02-15
342,3,15,9,2026-02-15
342,4,9,7,2026-02-15
342,5,10,2,2026-02-15
342,6,15,5,2026-02-15
342,7,12,2,2026-02-15
342,8,15,3,2026-02-15
343,1,13,2,2026-02-15
343,2,9,3,2026-02-15
343,3,9,6,2026-02-15
343,4,15,9,2026-02-15
343,5,17,2,2026-02-15
343,6,15,9,2026-02-15
343,7,9,6,2026-02-15
343,8,9,9,2026-02-15
344,1,11,8,2026-02-15
344,2,7,2,2026-02-15
344,3,6,2,2026-02-15
344,4,12,7,2026-02-15
344,5,12,7,2026-02-15
344,6,16,7,2026-02-15
344,7,12,8,2026-02-15
344,8,8,2,2026-02-15
345,1,13,3,2026-02-15
345,2,14,7,2026-02-15
345,3,10,6,2026-02-15
345,4,8,3,2026-02-15
345,5,14,7,2026-02-15
345,6,13,2,2026-02-15
345,7,11,9,2026-02-15
345,8,13,3,2026-02-15
346,1,9,6,2026-02-15
346,2,8,6,2026-02-15
346,3,15,5,2026-02-15
346,4,7,2,2026-02-15
346,5,9,6,2026-02-15
346,6,8,2,2026-02-15
346,7,18,7,2026-02-15
346,8,18,4,2026-02-15
347,1,12,7,2026-02-15
347,2,7,4,2026-02-15
347,3,17,6,2026-02-15
347,4,13,4,2026-02-15
347,5,13,2,2026-02-15
347,6,16,9,2026-02-15
347,7,11,2,2026-02-15
347,8,5,5,2026-02-15
348,1,6,9,2026-02-15
348,2,10,5,2026-02-15
348,3,12,7,2026-02-15
348,4,14,5,2026-02-15
348,5,15,4,2026-02-15
348,6,14,6,2026-02-15
348,7,16,5,2026-02-15
348,8,13,8,2026-02-15
349,1,8,3,2026-02-15
349,2,20,6,2026-02-15
349,3,16,3,2026-02-15
349,4,13,5,2026-02-15
349,5,14,2,2026-02-15
349,6,17,9,2026-02-15
349,7,12,9,2026-02-15
349,8,16,7,2026-02-15
350,1,19,7,2026-02-15
350,2,11,8,2026-02-15
350,3,15,9,2026-02-15
350,4,13,8,2026-02-15
350,5,11,2,2026-02-15
350,6,18,4,2026-02-15
350,7,13,9,2026-02-15
350,8,9,7,2026-02-15
351,1,13,8,2026-02-15
351,2,18,3,2026-02-15
351,3,10,8,2026-02-15
351,4,14,2,2026-02-15
351,5,9,5,2026-02-15
351,6,13,6,2026-02-15
351,7,10,4,2026-02-15
351,8,13,4,2026-02-15
352,1,14,5,2026-02-15
352,2,12,6,2026-02-15
352,3,18,3,2026-02-15
352,4,9,6,2026-02-15
352,5,8,5,2026-02-15
352,6,9,4,2026-02-15
352,7,14,7,2026-02-15
352,8,13,3,2026-02-15
353,1,5,9,2026-02-15
353,2,9,5,2026-02-15
353,3,21,8,2026-02-15
353,4,14,2,2026-02-15
353,5,12,9,2026-02-15
353,6,14,5,2026-02-15
353,7,12,3,2026-02-15
353,8,8,4,2026-02-15
354,1,10,2,2026-02-15
354,2,6,3,2026-02-15
354,3,20,3,2026-02-15
354,4,14,6,2026-02-15
354,5,8,9,2026-02-15
354,6,13,8,2026-02-15
354,7,8,8,2026-02-15
354,8,12,5,2026-02-15
355,1,13,7,2026-02-15
355,2,13,3,2026-02-15
355,3,10,6,2026-02-15
355,4,11,7,2026-02-15
355,5,12,6,2026-02-15
355,6,10,9,2026-02-15
355,7,12,7,2026-02-15
355,8,16,8,2026-02-15
356,1,16,7,2026-02-15
356,2,18,5,2026-02-15
356,3,11,9,2026-02-15
356,4,11,4,2026-02-15
356,5,9,7,2026-02-15
356,6,8,3,2026-02-15
356,7,14,7,2026-02-15
356,8,14,8,2026-02-15
357,1,12,7,2026-02-15
357,2,13,4,2026-02-15
357,3,6,2,2026-02-15
357,4,7,9,2026-02-15
357,5,12,5,2026-02-15
357,6,14,4,2026-02-15
357,7,9,4,2026-02-15
357,8,8,3,2026-02-15
358,1,14,8,2026-02-15
358,2,7,6,2026-02-15
358,3,12,6,2026-02-15
358,4,9,6,2026-02-15
358,5,12,3,2026-02-15
358,6,8,5,2026-02-15
358,7,11,8,2026-02-15
358,8,12,6,2026-02-15
359,1,6,9,2026-02-15
359,2,16,5,2026-02-15
359,3,9,4,2026-02-15
359,4,10,8,2026-02-15
359,5,7,3,2026-02-15
359,6,14,6,2026-02-15
359,7,14,7,2026-02-15
359,8,12,4,2026-02-15
360,1,9,9,2026-02-15
360,2,16,8,2026-02-15
360,3,18,5,2026-02-15
360,4,11,3,2026-02-15
360,5,15,2,2026-02-15
360,6,18,5,2026-02-15
360,7,15,3,2026-02-15
360,8,11,5,2026-02-15
361,1,14,5,2026-02-15
361,2,13,4,2026-02-15
361,3,13,6,2026-02-15
361,4,10,8,2026-02-15
361,5,10,3,2026-02-15
361,6,9,3,2026-02-15
361,7,4,6,2026-02-15
361,8,10,2,2026-02-15
362,1,11,9,2026-02-15
362,2,12,8,2026-02-15
362,3,15,6,2026-02-15
362,4,9,9,2026-02-15
362,5,10,3,2026-02-15
362,6,14,9,2026-02-15
362,7,10,5,2026-02-15
362,8,15,7,2026-02-15
363,1,15,7,2026-02-15
363,2,7,7,2026-02-15
363,3,11,2,2026-02-15
363,4,11,3,2026-02-15
363,5,12,5,2026-02-15
363,6,7,5,2026-02-15
363,7,10,7,2026-02-15
363,8,11,5,2026-02-15
364,1,15,4,2026-02-15
364,2,16,7,2026-02-15
364,3,16,8,2026-02-15
364,4,17,8,2026-02-15
364,5,7,4,2026-02-15
364,6,8,3,2026-02-15
364,7,15,4,2026-02-15
364,8,14,2,2026-02-15
365,1,10,9,2026-02-15
365,2,17,3,2026-02-15
365,3,16,2,2026-02-15
365,4,14,9,2026-02-15
365,5,13,2,2026-02-15
365,6,23,8,2026-02-15
365,7,13,9,2026-02-15
365,8,8,5,2026-02-15
366,1,20,5,2026-02-15
366,2,14,8,2026-02-15
366,3,13,8,2026-02-15
366,4,11,7,2026-02-15
366,5,9,6,2026-02-15
366,6,10,3,2026-02-15
366,7,11,4,2026-02-15
366,8,6,4,2026-02-15
367,1,15,3,2026-02-15
367,2,11,9,2026-02-15
367,3,18,7,2026-02-15
367,4,23,4,2026-02-15
367,5,9,7,2026-02-15
367,6,16,6,2026-02-15
367,7,8,6,2026-02-15
367,8,12,7,2026-02-15
368,1,12,9,2026-02-15
368,2,11,8,2026-02-15
368,3,13,2,2026-02-15
368,4,11,5,2026-02-15
368,5,9,6,2026-02-15
368,6,13,3,2026-02-15
368,7,13,4,2026-02-15
368,8,8,6,2026-02-15
369,1,12,7,2026-02-15
369,2,3,2,2026-02-15
369,3,12,2,2026-02-15
369,4,11,8,2026-02-15
369,5,13,8,2026-02-15
369,6,7,8,2026-02-15
369,7,14,2,2026-02-15
369,8,12,5,2026-02-15
370,1,16,5,2026-02-15
370,2,12,7,2026-02-15
370,3,6,7,2026-02-15
370,4,15,5,2026-02-15
370,5,16,6,2026-02-15
370,6,13,2,2026-02-15
370,7,13,5,2026-02-15
370,8,13,5,2026-02-15
371,1,10,8,2026-02-15
371,2,10,8,2026-02-15
371,3,12,8,2026-02-15
371,4,13,5,2026-02-15
371,5,11,2,2026-02-15
371,6,6,6,2026-02-15
371,7,12,7,2026-02-15
371,8,13,7,2026-02-15
372,1,12,5,2026-02-15
372,2,12,6,2026-02-15
372,3,12,6,2026-02-15
372,4,13,2,2026-02-15
372,5,12,7,2026-02-15
372,6,12,3,2026-02-15
372,7,5,3,2026-02-15
372,8,9,6,2026-02-15
373,1,13,2,2026-02-15
373,2,18,9,2026-02-15
373,3,18,7,2026-02-15
373,4,10,9,2026-02-15
373,5,10,7,2026-02-15
373,6,9,7,2026-02-15
373,7,13,9,2026-02-15
373,8,11,5,2026-02-15
374,1,14,4,2026-02-15
374,2,9,2,2026-02-15
374,3,12,4,2026-02-15
374,4,13,5,2026-02-15
374,5,8,9,2026-02-15
374,6,11,3,2026-02-15
374,7,14,7,2026-02-15
374,8,11,2,2026-02-15
375,1,14,7,2026-02-15
375,2,14,9,2026-02-15
375,3,9,2,2026-02-15
375,4,8,8,2026-02-15
375,5,11,5,2026-02-15
375,6,8,2,2026-02-15
375,7,8,9,2026-02-15
375,8,10,2,2026-02-15
376,1,16,5,2026-02-15
376,2,14,3,2026-02-15
376,3,9,6,2026-02-15
376,4,12,2,2026-02-15
376,5,7,4,2026-02-15
376,6,13,2,2026-02-15
376,7,10,3,2026-02-15
376,8,8,9,2026-02-15
377,1,20,3,2026-02-15
377,2,12,4,2026-02-15
377,3,16,4,2026-02-15
377,4,11,5,2026-02-15
377,5,12,3,2026-02-15
377,6,15,2,2026-02-15
377,7,16,9,2026-02-15
377,8,12,6,2026-02-15
378,1,11,2,2026-02-15
378,2,9,6,2026-02-15
378,3,14,5,2026-02-15
378,4,17,2,2026-02-15
378,5,9,3,2026-02-15
378,6,13,2,2026-02-15
378,7,15,6,2026-02-15
378,8,15,2,2026-02-15
379,1,9,2,2026-02-15
379,2,13,3,2026-02-15
379,3,12,8,2026-02-15
379,4,9,7,2026-02-15
379,5,8,7,2026-02-15
379,6,20,4,2026-02-15
379,7,10,7,2026-02-15
379,8,6,5,2026-02-15
380,1,12,9,2026-02-15
380,2,16,6,2026-02-15
380,3,8,7,2026-02-15
380,4,10,2,2026-02-15
380,5,13,9,2026-02-15
380,6,10,7,2026-02-15
380,7,12,4,2026-02-15
380,8,15,7,2026-02-15
381,1,13,6,2026-02-15
381,2,9,3,2026-02-15
381,3,7,5,2026-02-15
381,4,12,4,2026-02-15
381,5,8,4,2026-02-15
381,6,9,4,2026-02-15
381,7,21,9,2026-02-15
381,8,21,7,2026-02-15
382,1,11,9,2026-02-15
382,2,16,3,2026-02-15
382,3,12,7,2026-02-15
382,4,16,3,2026-02-15
382,5,14,7,2026-02-15
382,6,13,9,2026-02-15
382,7,10,7,2026-02-15
382,8,10,2,2026-02-15
383,1,11,3,2026-02-15
383,2,12,3,2026-02-15
383,3,15,6,2026-02-15
383,4,12,5,2026-02-15
383,5,6,4,2026-02-15
383,6,11,9,2026-02-15
383,7,13,9,2026-02-15
383,8,10,7,2026-02-15
384,1,9,3,2026-02-15
384,2,16,9,2026-02-15
384,3,12,3,2026-02-15
384,4,9,2,2026-02-15
384,5,15,3,2026-02-15
384,6,15,7,2026-02-15
384,7,10,8,2026-02-15
384,8,11,4,2026-02-15
385,1,8,5,2026-02-15
385,2,9,3,2026-02-15
385,3,13,3,2026-02-15
385,4,12,7,2026-02-15
385,5,14,9,2026-02-15
385,6,15,4,2026-02-15
385,7,9,5,2026-02-15
385,8,11,4,2026-02-15
386,1,5,9,2026-02-15
386,2,13,4,2026-02-15
386,3,19,4,2026-02-15
386,4,18,4,2026-02-15
386,5,10,9,2026-02-15
386,6,9,4,2026-02-15
386,7,8,3,2026-02-15
386,8,16,4,2026-02-15
387,1,18,9,2026-02-15
387,2,8,8,2026-02-15
387,3,14,2,2026-02-15
387,4,19,9,2026-02-15
387,5,18,3,2026-02-15
387,6,11,7,2026-02-15
387,7,15,5,2026-02-15
387,8,10,9,2026-02-15
388,1,17,3,2026-02-15
388,2,14,2,2026-02-15
388,3,8,8,2026-02-15
388,4,14,7,2026-02-15
388,5,12,8,2026-02-15
388,6,13,4,2026-02-15
388,7,11,6,2026-02-15
388,8,18,9,2026-02-15
389,1,17,8,2026-02-15
389,2,14,5,2026-02-15
389,3,6,6,2026-02-15
389,4,13,2,2026-02-15
389,5,12,4,2026-02-15
389,6,11,7,2026-02-15
389,7,6,7,2026-02-15
389,8,15,5,2026-02-15
390,1,9,2,2026-02-15
390,2,11,5,2026-02-15
390,3,12,9,2026-02-15
390,4,8,6,2026-02-15
390,5,12,9,2026-02-15
390,6,8,8,2026-02-15
390,7,9,6,2026-02-15
390,8,16,3,2026-02-15
391,1,9,8,2026-02-15
391,2,12,9,2026-02-15
391,3,21,8,2026-02-15
391,4,12,2,2026-02-15
391,5,15,8,2026-02-15
391,6,11,8,2026-02-15
391,7,11,4,2026-02-15
391,8,13,9,2026-02-15
392,1,14,5,2026-02-15
392,2,12,5,2026-02-15
392,3,13,4,2026-02-15
392,4,10,8,2026-02-15
392,5,11,5,2026-02-15
392,6,10,9,2026-02-15
392,7,12,4,2026-02-15
392,8,11,6,2026-02-15
393,1,16,9,2026-02-15
393,2,15,5,2026-02-15
393,3,20,6,2026-02-15
393,4,13,7,2026-02-15
393,5,13,5,2026-02-15
393,6,11,7,2026-02-15
393,7,16,3,2026-02-15
393,8,14,5,2026-02-15
394,1,11,3,2026-02-15
394,2,9,6,2026-02-15
394,3,13,2,2026-02-15
394,4,10,8,2026-02-15
394,5,16,4,2026-02-15
394,6,11,9,2026-02-15
394,7,13,8,2026-02-15
394,8,8,2,2026-02-15
395,1,6,7,2026-02-15
395,2,10,8,2026-02-15
395,3,9,8,2026-02-15
395,4,13,7,2026-02-15
395,5,9,7,2026-02-15
395,6,15,9,2026-02-15
395,7,10,9,2026-02-15
395,8,14,2,2026-02-15
396,1,10,9,2026-02-15
396,2,7,5,2026-02-15
396,3,10,5,2026-02-15
396,4,11,7,2026-02-15
396,5,11,6,2026-02-15
396,6,8,3,2026-02-15
396,7,10,9,2026-02-15
396,8,14,8,2026-02-15
397,1,10,3,2026-02-15
397,2,11,6,2026-02-15
397,3,16,8,2026-02-15
397,4,11,2,2026-02-15
397,5,13,6,2026-02-15
397,6,12,3,2026-02-15
397,7,14,7,2026-02-15
397,8,17,4,2026-02-15
398,1,14,7,2026-02-15
398,2,12,7,2026-02-15
398,3,10,4,2026-02-15
398,4,17,7,2026-02-15
398,5,13,4,2026-02-15
398,6,17,4,2026-02-15
398,7,16,4,2026-02-15
398,8,11,8,2026-02-15
399,1,9,6,2026-02-15
399,2,18,8,2026-02-15
399,3,14,4,2026-02-15
399,4,10,8,2026-02-15
399,5,9,3,2026-02-15
399,6,9,5,2026-02-15
399,7,17,9,2026-02-15
399,8,10,7,2026-02-15
400,1,12,3,2026-02-15
400,2,4,2,2026-02-15
400,3,16,7,2026-02-15
400,4,9,9,2026-02-15
400,5,13,2,2026-02-15
400,6,20,8,2026-02-15
400,7,12,9,2026-02-15
400,8,12,3,2026-02-15
401,1,8,4,2026-02-15
401,2,13,6,2026-02-15
401,3,13,2,2026-02-15
401,4,13,6,2026-02-15
401,5,13,2,2026-02-15
401,6,16,4,2026-02-15
401,7,9,5,2026-02-15
401,8,14,3,2026-02-15
402,1,12,3,2026-02-15
402,2,16,3,2026-02-15
402,3,16,9,2026-02-15
402,4,17,2,2026-02-15
402,5,7,2,2026-02-15
402,6,11,9,2026-02-15
402,7,11,5,2026-02-15
402,8,7,8,2026-02-15
403,1,22,3,2026-02-15
403,2,15,8,2026-02-15
403,3,19,7,2026-02-15
403,4,9,3,2026-02-15
403,5,7,7,2026-02-15
403,6,15,5,2026-02-15
403,7,17,4,2026-02-15
403,8,15,4,2026-02-15
404,1,14,6,2026-02-15
404,2,14,7,2026-02-15
404,3,13,3,2026-02-15
404,4,14,6,2026-02-15
404,5,11,4,2026-02-15
404,6,16,6,2026-02-15
404,7,12,2,2026-02-15
404,8,11,5,2026-02-15
405,1,7,2,2026-02-15
405,2,11,8,2026-02-15
405,3,13,5,2026-02-15
405,4,12,3,2026-02-15
405,5,9,7,2026-02-15
405,6,16,2,2026-02-15
405,7,13,6,2026-02-15
405,8,12,5,2026-02-15
406,1,16,2,2026-02-15
406,2,16,8,2026-02-15
406,3,11,7,2026-02-15
406,4,15,4,2026-02-15
406,5,13,4,2026-02-15
406,6,17,4,2026-02-15
406,7,11,3,2026-02-15
406,8,13,6,2026-02-15
407,1,11,9,2026-02-15
407,2,11,3,2026-02-15
407,3,13,8,2026-02-15
407,4,6,2,2026-02-15
407,5,10,6,2026-02-15
407,6,9,3,2026-02-15
407,7,16,2,2026-02-15
407,8,11,5,2026-02-15
408,1,15,2,2026-02-15
408,2,13,7,2026-02-15
408,3,6,5,2026-02-15
408,4,11,3,2026-02-15
408,5,14,2,2026-02-15
408,6,11,3,2026-02-15
408,7,12,7,2026-02-15
408,8,17,5,2026-02-15
409,1,17,3,2026-02-15
409,2,17,2,2026-02-15
409,3,12,8,2026-02-15
409,4,13,4,2026-02-15
409,5,11,4,2026-02-15
409,6,11,8,2026-02-15
409,7,19,8,2026-02-15
409,8,6,3,2026-02-15
410,1,10,9,2026-02-15
410,2,13,5,2026-02-15
410,3,6,6,2026-02-15
410,4,7,7,2026-02-15
410,5,10,8,2026-02-15
410,6,13,3,2026-02-15
410,7,11,3,2026-02-15
410,8,12,3,2026-02-15
411,1,13,5,2026-02-15
411,2,8,6,2026-02-15
411,3,12,2,2026-02-15
411,4,13,6,2026-02-15
411,5,12,6,2026-02-15
411,6,11,3,2026-02-15
411,7,6,4,2026-02-15
411,8,9,5,2026-02-15
412,1,16,2,2026-02-15
412,2,6,4,2026-02-15
412,3,17,6,2026-02-15
412,4,18,7,2026-02-15
412,5,12,3,2026-02-15
412,6,17,4,2026-02-15
412,7,12,7,2026-02-15
412,8,14,6,2026-02-15
413,1,10,6,2026-02-15
413,2,12,8,2026-02-15
413,3,7,4,2026-02-15
413,4,15,4,2026-02-15
413,5,7,4,2026-02-15
413,6,17,6,2026-02-15
413,7,15,7,2026-02-15
413,8,15,7,2026-02-15
414,1,11,8,2026-02-15
414,2,12,5,2026-02-15
414,3,15,7,2026-02-15
414,4,6,9,2026-02-15
414,5,12,9,2026-02-15
414,6,10,5,2026-02-15
414,7,14,3,2026-02-15
414,8,16,4,2026-02-15
415,1,17,8,2026-02-15
415,2,10,5,2026-02-15
415,3,10,4,2026-02-15
415,4,13,3,2026-02-15
415,5,15,6,2026-02-15
415,6,11,5,2026-02-15
415,7,12,3,2026-02-15
415,8,10,5,2026-02-15
416,1,20,7,2026-02-15
416,2,10,2,2026-02-15
416,3,11,4,2026-02-15
416,4,13,2,2026-02-15
416,5,10,7,2026-02-15
416,6,10,2,2026-02-15
416,7,8,9,2026-02-15
416,8,18,8,2026-02-15
417,1,8,8,2026-02-15
417,2,17,5,2026-02-15
417,3,13,7,2026-02-15
417,4,13,2,2026-02-15
417,5,12,4,2026-02-15
417,6,9,8,2026-02-15
417,7,7,6,2026-02-15
417,8,10,6,2026-02-15
418,1,15,5,2026-02-15
418,2,13,6,2026-02-15
418,3,16,2,2026-02-15
418,4,7,5,2026-02-15
418,5,11,3,2026-02-15
418,6,11,3,2026-02-15
418,7,18,5,2026-02-15
418,8,11,4,2026-02-15
419,1,14,9,2026-02-15
419,2,15,8,2026-02-15
419,3,10,3,2026-02-15
419,4,12,7,2026-02-15
419,5,13,4,2026-02-15
419,6,9,8,2026-02-15
419,7,20,9,2026-02-15
419,8,7,9,2026-02-15
420,1,8,6,2026-02-15
420,2,16,7,2026-02-15
420,3,14,6,2026-02-15
420,4,13,5,2026-02-15
420,5,11,5,2026-02-15
420,6,12,8,2026-02-15
420,7,10,7,2026-02-15
420,8,7,6,2026-02-15
421,1,14,7,2026-02-15
421,2,8,9,2026-02-15
421,3,16,2,2026-02-15
421,4,9,5,2026-02-15
421,5,6,4,2026-02-15
421,6,11,6,2026-02-15
421,7,15,9,2026-02-15
421,8,19,8,2026-02-15
422,1,16,9,2026-02-15
422,2,17,9,2026-02-15
422,3,10,8,2026-02-15
422,4,16,8,2026-02-15
422,5,19,8,2026-02-15
422,6,13,9,2026-02-15
422,7,13,7,2026-02-15
422,8,7,8,2026-02-15
423,1,14,3,2026-02-15
423,2,10,2,2026-02-15
423,3,9,2,2026-02-15
423,4,11,2,2026-02-15
423,5,7,5,2026-02-15
423,6,8,4,2026-02-15
423,7,20,3,2026-02-15
423,8,11,8,2026-02-15
424,1,11,2,2026-02-15
424,2,10,4,2026-02-15
424,3,12,8,2026-02-15
424,4,7,3,2026-02-15
424,5,12,3,2026-02-15
424,6,14,5,2026-02-15
424,7,14,9,2026-02-15
424,8,13,9,2026-02-15
425,1,13,4,2026-02-15
425,2,9,6,2026-02-15
425,3,14,7,2026-02-15
425,4,17,9,2026-02-15
425,5,16,3,2026-02-15
425,6,14,9,2026-02-15
425,7,14,4,2026-02-15
425,8,11,7,2026-02-15
426,1,18,4,2026-02-15
426,2,9,5,2026-02-15
426,3,11,4,2026-02-15
426,4,9,6,2026-02-15
426,5,8,4,2026-02-15
426,6,12,4,2026-02-15
426,7,8,2,2026-02-15
426,8,8,9,2026-02-15
427,1,12,9,2026-02-15
427,2,9,2,2026-02-15
427,3,11,2,2026-02-15
427,4,16,6,2026-02-15
427,5,14,5,2026-02-15
427,6,8,5,2026-02-15
427,7,13,6,2026-02-15
427,8,13,6,2026-02-15
428,1,11,8,2026-02-15
428,2,7,9,2026-02-15
428,3,14,8,2026-02-15
428,4,10,8,2026-02-15
428,5,14,3,2026-02-15
428,6,11,6,2026-02-15
428,7,15,2,2026-02-15
428,8,10,3,2026-02-15
429,1,17,2,2026-02-15
429,2,6,3,2026-02-15
429,3,18,8,2026-02-15
429,4,13,6,2026-02-15
429,5,10,7,2026-02-15
429,6,15,4,2026-02-15
429,7,14,2,2026-02-15
429,8,10,8,2026-02-15
430,1,9,4,2026-02-15
430,2,9,9,2026-02-15
430,3,9,9,2026-02-15
430,4,10,4,2026-02-15
430,5,14,8,2026-02-15
430,6,9,8,2026-02-15
430,7,17,7,2026-02-15
430,8,12,2,2026-02-15
431,1,9,7,2026-02-15
431,2,13,4,2026-02-15
431,3,11,8,2026-02-15
431,4,10,8,2026-02-15
431,5,11,2,2026-02-15
431,6,11,9,2026-02-15
431,7,14,6,2026-02-15
431,8,15,8,2026-02-15
432,1,12,9,2026-02-15
432,2,6,4,2026-02-15
432,3,6,6,2026-02-15
432,4,12,7,2026-02-15
432,5,15,4,2026-02-15
432,6,13,2,2026-02-15
432,7,10,3,2026-02-15
432,8,14,5,2026-02-15
433,1,11,3,2026-02-15
433,2,15,6,2026-02-15
433,3,9,9,2026-02-15
433,4,15,4,2026-02-15
433,5,17,6,2026-02-15
433,6,14,3,2026-02-15
433,7,13,3,2026-02-15
433,8,7,4,2026-02-15
434,1,9,6,2026-02-15
434,2,7,6,2026-02-15
434,3,13,3,2026-02-15
434,4,8,6,2026-02-15
434,5,15,7,2026-02-15
434,6,11,8,2026-02-15
434,7,6,9,2026-02-15
434,8,10,8,2026-02-15
435,1,13,8,2026-02-15
435,2,12,6,2026-02-15
435,3,13,7,2026-02-15
435,4,15,7,2026-02-15
435,5,7,8,2026-02-15
435,6,14,4,2026-02-15
435,7,11,2,2026-02-15
435,8,7,7,2026-02-15
436,1,12,6,2026-02-15
436,2,6,6,2026-02-15
436,3,13,2,2026-02-15
436,4,11,3,2026-02-15
436,5,9,6,2026-02-15
436,6,10,9,2026-02-15
436,7,16,6,2026-02-15
436,8,14,2,2026-02-15
437,1,8,6,2026-02-15
437,2,5,6,2026-02-15
437,3,15,8,2026-02-15
437,4,11,8,2026-02-15
437,5,14,7,2026-02-15
437,6,6,3,2026-02-15
437,7,7,2,2026-02-15
437,8,12,2,2026-02-15
438,1,10,4,2026-02-15
438,2,7,6,2026-02-15
438,3,13,3,2026-02-15
438,4,18,8,2026-02-15
438,5,12,8,2026-02-15
438,6,14,8,2026-02-15
438,7,11,2,2026-02-15
438,8,13,7,2026-02-15
439,1,20,2,2026-02-15
439,2,15,5,2026-02-15
439,3,11,3,2026-02-15
439,4,10,9,2026-02-15
439,5,13,2,2026-02-15
439,6,18,4,2026-02-15
439,7,16,9,2026-02-15
439,8,11,8,2026-02-15
440,1,14,5,2026-02-15
440,2,10,3,2026-02-15
440,3,15,7,2026-02-15
440,4,12,3,2026-02-15
440,5,14,4,2026-02-15
440,6,6,9,2026-02-15
440,7,10,8,2026-02-15
440,8,9,2,2026-02-15
441,1,11,3,2026-02-15
441,2,13,7,2026-02-15
441,3,16,9,2026-02-15
441,4,9,6,2026-02-15
441,5,12,3,2026-02-15
441,6,8,9,2026-02-15
441,7,5,4,2026-02-15
441,8,8,5,2026-02-15
442,1,7,2,2026-02-15
442,2,10,8,2026-02-15
442,3,11,4,2026-02-15
442,4,8,6,2026-02-15
442,5,16,2,2026-02-15
442,6,8,2,2026-02-15
442,7,18,2,2026-02-15
442,8,10,5,2026-02-15
443,1,11,3,2026-02-15
443,2,8,7,2026-02-15
443,3,11,5,2026-02-15
443,4,8,2,2026-02-15
443,5,11,4,2026-02-15
443,6,11,9,2026-02-15
443,7,16,6,2026-02-15
443,8,17,3,2026-02-15
444,1,6,3,2026-02-15
444,2,11,2,2026-02-15
444,3,14,4,2026-02-15
444,4,19,5,2026-02-15
444,5,7,5,2026-02-15
444,6,13,8,2026-02-15
444,7,9,2,2026-02-15
444,8,12,3,2026-02-15
445,1,12,4,2026-02-15
445,2,4,4,2026-02-15
445,3,7,4,2026-02-15
445,4,17,8,2026-02-15
445,5,11,9,2026-02-15
445,6,7,2,2026-02-15
445,7,14,6,2026-02-15
445,8,11,6,2026-02-15
446,1,9,3,2026-02-15
446,2,11,3,2026-02-15
446,3,16,8,2026-02-15
446,4,13,9,2026-02-15
446,5,11,9,2026-02-15
446,6,8,3,2026-02-15
446,7,7,6,2026-02-15
446,8,9,3,2026-02-15
447,1,13,6,2026-02-15
447,2,14,3,2026-02-15
447,3,15,5,2026-02-15
447,4,16,5,2026-02-15
447,5,10,7,2026-02-15
447,6,11,8,2026-02-15
447,7,18,8,2026-02-15
447,8,15,7,2026-02-15
448,1,13,8,2026-02-15
448,2,12,2,2026-02-15
448,3,9,8,2026-02-15
448,4,10,5,2026-02-15
448,5,11,7,2026-02-15
448,6,9,3,2026-02-15
448,7,11,3,2026-02-15
448,8,9,4,2026-02-15
449,1,16,3,2026-02-15
449,2,15,3,2026-02-15
449,3,18,2,2026-02-15
449,4,12,5,2026-02-15
449,5,14,5,2026-02-15
449,6,8,7,2026-02-15
449,7,19,4,2026-02-15
449,8,20,4,2026-02-15
450,1,11,6,2026-02-15
450,2,8,8,2026-02-15
450,3,6,8,2026-02-15
450,4,13,8,2026-02-15
450,5,12,5,2026-02-15
450,6,13,5,2026-02-15
450,7,20,4,2026-02-15
450,8,10,6,2026-02-15
451,1,8,6,2026-02-15
451,2,9,8,2026-02-15
451,3,14,5,2026-02-15
451,4,9,6,2026-02-15
451,5,15,6,2026-02-15
451,6,13,9,2026-02-15
451,7,11,8,2026-02-15
451,8,14,7,2026-02-15
452,1,13,6,2026-02-15
452,2,17,3,2026-02-15
452,3,11,2,2026-02-15
452,4,17,5,2026-02-15
452,5,17,2,2026-02-15
452,6,13,2,2026-02-15
452,7,12,9,2026-02-15
452,8,7,2,2026-02-15
453,1,11,9,2026-02-15
453,2,11,6,2026-02-15
453,3,6,9,2026-02-15
453,4,16,9,2026-02-15
453,5,13,4,2026-02-15
453,6,19,9,2026-02-15
453,7,12,8,2026-02-15
453,8,11,2,2026-02-15
454,1,9,9,2026-02-15
454,2,12,9,2026-02-15
454,3,12,5,2026-02-15
454,4,11,9,2026-02-15
454,5,12,5,2026-02-15
454,6,9,9,2026-02-15
454,7,16,9,2026-02-15
454,8,13,3,2026-02-15
455,1,13,5,2026-02-15
455,2,10,2,2026-02-15
455,3,12,6,2026-02-15
455,4,15,4,2026-02-15
455,5,13,4,2026-02-15
455,6,14,8,2026-02-15
455,7,16,6,2026-02-15
455,8,15,3,2026-02-15
456,1,9,7,2026-02-15
456,2,10,9,2026-02-15
456,3,6,9,2026-02-15
456,4,18,2,2026-02-15
456,5,4,5,2026-02-15
456,6,10,4,2026-02-15
456,7,18,8,2026-02-15
456,8,15,7,2026-02-15
457,1,17,4,2026-02-15
457,2,11,6,2026-02-15
457,3,16,9,2026-02-15
457,4,7,9,2026-02-15
457,5,13,5,2026-02-15
457,6,10,7,2026-02-15
457,7,8,6,2026-02-15
457,8,9,9,2026-02-15
458,1,11,7,2026-02-15
458,2,13,7,2026-02-15
458,3,9,7,2026-02-15
458,4,15,2,2026-02-15
458,5,14,8,2026-02-15
458,6,8,3,2026-02-15
458,7,10,9,2026-02-15
458,8,9,3,2026-02-15
459,1,9,4,2026-02-15
459,2,11,7,2026-02-15
459,3,10,8,2026-02-15
459,4,12,2,2026-02-15
459,5,15,5,2026-02-15
459,6,14,2,2026-02-15
459,7,13,5,2026-02-15
459,8,17,4,2026-02-15
460,1,15,2,2026-02-15
460,2,13,4,2026-02-15
460,3,11,8,2026-02-15
460,4,8,5,2026-02-15
460,5,13,6,2026-02-15
460,6,18,9,2026-02-15
460,7,15,7,2026-02-15
460,8,9,7,2026-02-15
461,1,10,8,2026-02-15
461,2,8,6,2026-02-15
461,3,15,7,2026-02-15
461,4,17,9,2026-02-15
461,5,10,6,2026-02-15
461,6,11,5,2026-02-15
461,7,9,8,2026-02-15
461,8,10,4,2026-02-15
462,1,13,7,2026-02-15
462,2,12,7,2026-02-15
462,3,15,8,2026-02-15
462,4,12,8,2026-02-15
462,5,13,6,2026-02-15
462,6,12,4,2026-02-15
462,7,14,3,2026-02-15
462,8,10,2,2026-02-15
463,1,8,8,2026-02-15
463,2,16,8,2026-02-15
463,3,11,2,2026-02-15
463,4,16,7,2026-02-15
463,5,7,6,2026-02-15
463,6,10,8,2026-02-15
463,7,11,4,2026-02-15
463,8,7,8,2026-02-15
464,1,11,3,2026-02-15
464,2,8,2,2026-02-15
464,3,10,8,2026-02-15
464,4,7,6,2026-02-15
464,5,6,9,2026-02-15
464,6,10,4,2026-02-15
464,7,11,2,2026-02-15
464,8,13,8,2026-02-15
465,1,15,6,2026-02-15
465,2,6,2,2026-02-15
465,3,15,2,2026-02-15
465,4,12,8,2026-02-15
465,5,13,7,2026-02-15
465,6,12,7,2026-02-15
465,7,15,9,2026-02-15
465,8,15,4,2026-02-15
466,1,12,4,2026-02-15
466,2,11,5,2026-02-15
466,3,12,5,2026-02-15
466,4,14,3,2026-02-15
466,5,10,7,2026-02-15
466,6,12,3,2026-02-15
466,7,6,2,2026-02-15
466,8,15,3,2026-02-15
467,1,11,9,2026-02-15
467,2,11,3,2026-02-15
467,3,17,5,2026-02-15
467,4,9,9,2026-02-15
467,5,18,2,2026-02-15
467,6,13,9,2026-02-15
467,7,14,9,2026-02-15
467,8,12,4,2026-02-15
468,1,14,6,2026-02-15
468,2,11,4,2026-02-15
468,3,10,7,2026-02-15
468,4,16,3,2026-02-15
468,5,6,9,2026-02-15
468,6,13,3,2026-02-15
468,7,12,2,2026-02-15
468,8,14,7,2026-02-15
469,1,9,4,2026-02-15
469,2,12,6,2026-02-15
469,3,8,7,2026-02-15
469,4,16,5,2026-02-15
469,5,11,8,2026-02-15
469,6,16,7,2026-02-15
469,7,7,8,2026-02-15
469,8,14,8,2026-02-15
470,1,19,6,2026-02-15
470,2,16,6,2026-02-15
470,3,14,6,2026-02-15
470,4,3,7,2026-02-15
470,5,18,8,2026-02-15
470,6,19,8,2026-02-15
470,7,10,7,2026-02-15
470,8,12,4,2026-02-15
471,1,8,5,2026-02-15
471,2,11,8,2026-02-15
471,3,13,5,2026-02-15
471,4,11,3,2026-02-15
471,5,15,4,2026-02-15
471,6,15,6,2026-02-15
471,7,10,8,2026-02-15
471,8,12,9,2026-02-15
472,1,13,3,2026-02-15
472,2,20,3,2026-02-15
472,3,9,3,2026-02-15
472,4,8,2,2026-02-15
472,5,14,9,2026-02-15
472,6,11,8,2026-02-15
472,7,9,6,2026-02-15
472,8,11,2,2026-02-15
473,1,12,2,2026-02-15
473,2,11,8,2026-02-15
473,3,16,9,2026-02-15
473,4,13,5,2026-02-15
473,5,14,4,2026-02-15
473,6,16,9,2026-02-15
473,7,8,9,2026-02-15
473,8,13,4,2026-02-15
474,1,11,6,2026-02-15
474,2,11,9,2026-02-15
474,3,19,6,2026-02-15
474,4,13,3,2026-02-15
474,5,14,8,2026-02-15
474,6,9,5,2026-02-15
474,7,17,6,2026-02-15
474,8,11,7,2026-02-15
475,1,16,3,2026-02-15
475,2,8,9,2026-02-15
475,3,11,6,2026-02-15
475,4,15,3,2026-02-15
475,5,16,4,2026-02-15
475,6,22,2,2026-02-15
475,7,4,7,2026-02-15
475,8,11,6,2026-02-15
476,1,13,3,2026-02-15
476,2,20,8,2026-02-15
476,3,8,8,2026-02-15
476,4,12,8,2026-02-15
476,5,11,6,2026-02-15
476,6,14,7,2026-02-15
476,7,14,8,2026-02-15
476,8,10,7,2026-02-15
477,1,14,3,2026-02-15
477,2,19,8,2026-02-15
477,3,16,2,2026-02-15
477,4,10,3,2026-02-15
477,5,12,7,2026-02-15
477,6,18,9,2026-02-15
477,7,10,4,2026-02-15
477,8,7,6,2026-02-15
478,1,12,3,2026-02-15
478,2,13,7,2026-02-15
478,3,14,6,2026-02-15
478,4,11,5,2026-02-15
478,5,8,2,2026-02-15
478,6,7,6,2026-02-15
478,7,10,2,2026-02-15
478,8,20,2,2026-02-15
479,1,10,6,2026-02-15
479,2,13,5,2026-02-15
479,3,21,4,2026-02-15
479,4,8,2,2026-02-15
479,5,7,8,2026-02-15
479,6,13,8,2026-02-15
479,7,17,4,2026-02-15
479,8,8,5,2026-02-15
480,1,6,4,2026-02-15
480,2,10,3,2026-02-15
480,3,15,6,2026-02-15
480,4,17,4,2026-02-15
480,5,9,3,2026-02-15
480,6,7,7,2026-02-15
480,7,13,7,2026-02-15
480,8,18,6,2026-02-15
481,1,11,2,2026-02-15
481,2,9,7,2026-02-15
481,3,10,6,2026-02-15
481,4,14,9,2026-02-15
481,5,7,8,2026-02-15
481,6,14,9,2026-02-15
481,7,11,7,2026-02-15
481,8,9,7,2026-02-15
482,1,19,2,2026-02-15
482,2,15,9,2026-02-15
482,3,8,7,2026-02-15
482,4,20,6,2026-02-15
482,5,11,9,2026-02-15
482,6,8,3,2026-02-15
482,7,13,7,2026-02-15
482,8,9,7,2026-02-15
483,1,14,8,2026-02-15
483,2,10,3,2026-02-15
483,3,19,8,2026-02-15
483,4,14,6,2026-02-15
483,5,13,7,2026-02-15
483,6,12,8,2026-02-15
483,7,9,7,2026-02-15
483,8,12,9,2026-02-15
484,1,15,2,2026-02-15
484,2,12,3,2026-02-15
484,3,7,3,2026-02-15
484,4,13,2,2026-02-15
484,5,10,7,2026-02-15
484,6,12,3,2026-02-15
484,7,16,6,2026-02-15
484,8,10,2,2026-02-15
485,1,18,3,2026-02-15
485,2,16,2,2026-02-15
485,3,16,3,2026-02-15
485,4,8,3,2026-02-15
485,5,14,4,2026-02-15
485,6,17,4,2026-02-15
485,7,12,3,2026-02-15
485,8,11,6,2026-02-15
486,1,14,3,2026-02-15
486,2,16,6,2026-02-15
486,3,12,2,2026-02-15
486,4,13,8,2026-02-15
486,5,15,7,2026-02-15
486,6,13,9,2026-02-15
486,7,12,3,2026-02-15
486,8,11,4,2026-02-15
487,1,14,3,2026-02-15
487,2,5,7,2026-02-15
487,3,14,2,2026-02-15
487,4,12,3,2026-02-15
487,5,11,5,2026-02-15
487,6,10,3,2026-02-15
487,7,13,2,2026-02-15
487,8,17,2,2026-02-15
488,1,20,5,2026-02-15
488,2,3,7,2026-02-15
488,3,6,4,2026-02-15
488,4,9,5,2026-02-15
488,5,14,3,2026-02-15
488,6,10,8,2026-02-15
488,7,14,9,2026-02-15
488,8,19,6,2026-02-15
489,1,11,6,2026-02-15
489,2,10,7,2026-02-15
489,3,15,3,2026-02-15
489,4,15,9,2026-02-15
489,5,13,8,2026-02-15
489,6,16,9,2026-02-15
489,7,12,3,2026-02-15
489,8,16,9,2026-02-15
490,1,12,9,2026-02-15
490,2,24,4,2026-02-15
490,3,15,9,2026-02-15
490,4,13,9,2026-02-15
490,5,4,9,2026-02-15
490,6,8,5,2026-02-15
490,7,11,2,2026-02-15
490,8,14,4,2026-02-15
491,1,15,4,2026-02-15
491,2,13,9,2026-02-15
491,3,7,8,2026-02-15
491,4,14,4,2026-02-15
491,5,19,3,2026-02-15
491,6,9,2,2026-02-15
491,7,18,9,2026-02-15
491,8,14,5,2026-02-15
492,1,14,3,2026-02-15
492,2,12,7,2026-02-15
492,3,10,5,2026-02-15
492,4,19,6,2026-02-15
492,5,9,4,2026-02-15
492,6,9,8,2026-02-15
492,7,19,8,2026-02-15
492,8,10,5,2026-02-15
493,1,16,6,2026-02-15
493,2,16,2,2026-02-15
493,3,9,4,2026-02-15
493,4,17,4,2026-02-15
493,5,14,2,2026-02-15
493,6,16,9,2026-02-15
493,7,7,2,2026-02-15
493,8,9,8,2026-02-15
494,1,8,4,2026-02-15
494,2,6,5,2026-02-15
494,3,13,6,2026-02-15
494,4,13,8,2026-02-15
494,5,20,9,2026-02-15
494,6,8,4,2026-02-15
494,7,10,5,2026-02-15
494,8,15,4,2026-02-15
495,1,13,7,2026-02-15
495,2,9,3,2026-02-15
495,3,10,2,2026-02-15
495,4,8,8,2026-02-15
495,5,23,2,2026-02-15
495,6,11,4,2026-02-15
495,7,13,3,2026-02-15
495,8,19,9,2026-02-15
496,1,17,7,2026-02-15
496,2,9,9,2026-02-15
496,3,10,3,2026-02-15
496,4,7,5,2026-02-15
496,5,11,8,2026-02-15
496,6,12,9,2026-02-15
496,7,15,9,2026-02-15
496,8,7,9,2026-02-15
497,1,17,6,2026-02-15
497,2,15,3,2026-02-15
497,3,9,6,2026-02-15
497,4,12,4,2026-02-15
497,5,11,7,2026-02-15
497,6,14,3,2026-02-15
497,7,8,2,2026-02-15
497,8,13,5,2026-02-15
498,1,13,3,2026-02-15
498,2,9,4,2026-02-15
498,3,9,5,2026-02-15
498,4,14,4,2026-02-15
498,5,12,2,2026-02-15
498,6,8,4,2026-02-15
498,7,18,7,2026-02-15
498,8,13,6,2026-02-15
499,1,12,3,2026-02-15
499,2,16,6,2026-02-15
499,3,10,9,2026-02-15
499,4,15,5,2026-02-15
499,5,13,8,2026-02-15
499,6,19,8,2026-02-15
499,7,11,4,2026-02-15
499,8,14,4,2026-02-15
500,1,13,3,2026-02-15
500,2,13,2,2026-02-15
500,3,10,4,2026-02-15
500,4,9,4,2026-02-15
500,5,7,6,2026-02-15
500,6,9,5,2026-02-15
500,7,12,6,2026-02-15
500,8,15,7,2026-02-15
